code,name
0120X0,유진 챔피언중단기크레딧 X클래스
136540,윈스테크넷
482520,교보16호스팩
0218J0,RISE 미국우주&로봇TOP2미국채혼합50
003060,에이프로젠바이오로직스
033920,무학
530137,삼성 KRX 2차전지 TOP10 TR ETN
610057,메리츠 3X 레버리지 국채5년 ETN
0039P0,매드업
520074,미래에셋 미국 방위산업 TOP3 ETN
356890,싸이버원
0131V0,1Q 미국우주항공테크
003280,흥아해운
476550,TIGER 미국30년국채커버드콜액티브(H)
384470,코어라인소프트
002450,삼익악기
002410,범양건영
485810,TIME 글로벌바이오액티브
348340,뉴로메카
192400,쿠쿠홀딩스
033320,제이씨현시스템
223250,드림씨아이에스
011930,신성이엔지
228670,레이
365660,레몬헬스케어
000850,화천기공
289670,PLUS 국채선물10년
489290,WON 미국빌리어네어
079000,와토스코리아
101140,인바이오젠
001260,남광토건
083450,GST
381560,HANARO Fn전기&수소차
0137W0,KIWOOM 미국S&P500&GOLD
054940,엑사이엔씨
025530,SJM홀딩스
0139P0,ACE 고배당주
372330,KODEX 차이나항셍테크
007330,푸른저축은행
188040,바이오포트
212560,네오오토
367740,HANARO Fn5G산업
0053L0,TIGER 차이나휴머노이드로봇
451150,에셋플러스 글로벌영에이지액티브
036030,케이티알파
131890,ACE 삼성그룹동일가중
570072,한투 레버리지구리선물 ETN
039240,경남스틸
143210,핸즈코퍼레이션
0047A0,TIGER 차이나테크TOP10
217780,TIGER 차이나CSI300인버스(합성)
456880,ACE 미국달러SOFR금리(합성)
043340,에쎈테크
457190,이수스페셜티케미컬
190620,ACE 단기통안채
304670,KODEX 미국30년국채울트라선물인버스(H)
329750,TIGER 미국달러단기채권액티브
435420,TIGER 미국나스닥100채권혼합50
570127,한투 인버스2X코스피200선물 ETN
530133,삼성 블룸버그 레버리지 WTI원유선물 ETN B
020760,일진디스플
267770,TIGER 200선물레버리지
042520,한스바이오메드
462520,조선내화
234030,싸이닉솔루션
460870,에스엠씨지
036090,위지트
266550,PLUS 중형주저변동50
471040,KoAct 글로벌AI&로봇액티브
095570,AJ네트웍스
255440,야스
610028,메리츠 레버리지 구리 선물 ETN(H)
180400,DXVX
0218K0,BNK 스마트카
001790,대한제당
029780,삼성카드
105630,한세실업
402030,코난테크놀로지
305540,TIGER 2차전지테마
380550,뉴로핏
241590,화승엔터프라이즈
138930,BNK금융지주
002780,진흥기업
143850,TIGER 미국S&P500선물(H)
00806K,대덕1우
448290,TIGER 미국S&P500(H)
356860,티엘비
352940,인바이오
278540,KODEX MSCI Korea TR
333430,일승
062040,산일전기
498400,KODEX 200타겟위클리커버드콜
580049,KB 차이나 중형주 CSI 500 ETN
039740,한국정보공학
208370,셀바스헬스케어
004720,팜젠사이언스
012210,삼미금속
399720,가온칩스
017890,한국알콜
456680,TIGER 차이나전기차레버리지(합성)
005990,매일홀딩스
012620,원일특강
038530,케이바이오랩스
448630,RISE 삼성그룹Top3채권혼합
039840,디오
009415,태영건설우
418660,TIGER 미국나스닥100레버리지(합성)
088340,유라클
301400,PLUS 코스닥150
373200,엑스플러스
494890,KODEX 200액티브
332610,PLUS 미국단기회사채(AAA~A)
486450,SOL 미국AI전력인프라
071200,인피니트헬스케어
173130,오파스넷
114460,ACE 국고채3년
280360,롯데웰푸드
440910,WON 미국우주항공방산
580079,KB 레버리지 은 선물 ETN
198440,강동씨앤엘
310200,애니플러스
109820,진매트릭스
426020,TIME 미국S&P500액티브
067730,로지시스
488280,에스투더블유
187660,페니트리움바이오
003090,대웅
226490,KODEX 코스피
036570,NC
329180,HD현대중공업
0030R0,대신밸류리츠
270870,뉴트리
0209D0,KODEX 전고체배터리ESS TOP2플러스
003670,포스코퓨처엠
477490,에셋플러스 글로벌일등기업포커스10액티브
004840,DRB동일
33637K,솔루스첨단소재1우
031430,신세계인터내셔날
457700,KODEX 53-09 국고채액티브
034310,NICE
074600,원익QnC
438740,MIDAS 중소형액티브
290740,액트로
124560,태웅로직스
002360,SH에너지화학
217190,제너셈
005960,동부건설
058820,CMG제약
448100,WON 200
478390,KB제29호스팩
458760,TIGER 미국배당다우존스타겟커버드콜2호
550097,N2 레버리지 코스닥150 선물 ETN
0207G0,SOL 우주항공밸류체인
263750,펄어비스
001270,부국증권
060250,NHN KCP
091180,KODEX 자동차
476310,RISE 글로벌비만산업TOP2+
012030,DB
315930,KODEX Top5PlusTR
042420,네오위즈홀딩스
179900,유티아이
003545,대신증권우
012860,모베이스전자
200470,에이팩트
456250,KODEX 유럽명품TOP10 STOXX
335810,프리시젼바이오
222800,심텍
570070,한투 인버스2X플래티넘선물 ETN
091170,KODEX 은행
289260,TIGER MSCI KOREA ESG리더스
570095,한투 레버리지일본엔선물 ETN C
003465,유화증권우
006090,사조오양
017860,DS단석
317450,명인제약
253280,RISE 헬스케어
367380,ACE 미국나스닥100
168360,펨트론
006060,화승인더
469150,ACE AI반도체TOP3+
487130,KoAct AI인프라액티브
053700,삼보모터스
610101,메리츠 인버스 2X 은 선물 ETN(H)
066430,아이로보틱스
0138D0,RISE 동학개미
123320,TIGER 레버리지
000157,두산2우B
610086,메리츠 인버스2X 미국채30년 스트립 ETN(H)
126340,비나텍
439860,KODEX ESG종합채권(A-이상)액티브
004380,삼익THK
456070,이엔셀
475250,하나33호스팩
104700,한국철강
0079X0,ACE BYD밸류체인액티브
025900,동화기업
162300,신스틸
459510,나우로보틱스
161510,PLUS 고배당주
0084D0,KIWOOM 미국테크100월간목표헤지액티브
314140,알피바이오
000120,CJ대한통운
478110,이베스트스팩6호
009450,경동나비엔
130730,KIWOOM 단기자금
178920,PI첨단소재
434060,KODEX TDF2050액티브 적격
412560,TIGER BBIG레버리지
275630,에스에스알
404990,신한서부티엔디리츠
570102,한투 레버리지나스닥100 ETN B
019010,베뉴지
413220,SOL 차이나태양광CSI(합성)
264850,이랜시스
005940,NH투자증권
475230,엔알비
005965,동부건설우
228340,동양파일
0222D0,KoAct 고배당액티브
041510,에스엠
376300,디어유
082740,한화엔진
340440,세림B&G
483650,달바글로벌
103140,풍산
199800,툴젠
115160,휴맥스
520056,미래에셋 레버리지 코스닥150 선물 ETN
096770,SK이노베이션
500067,신한 레버리지 10년 국채선물 ETN
123410,코리아에프티
357120,코람코라이프인프라리츠
550088,N2 월간 레버리지 선진국 1등주 ETN
364690,KODEX 혁신기술테마액티브
258830,세종메디칼
261060,TIGER 코스닥150IT
163280,에어레인
0041L0,하나35호스팩
489000,PLUS 일본엔화초단기국채(합성)
093640,케이알엠
036620,감성코퍼레이션
125490,한라캐스트
096530,씨젠
331520,밸로프
063440,SM Life Design
352480,씨앤씨인터내셔널
145210,다이나믹디자인
159910,에코글로우
206650,유바이오로직스
0183J0,TIGER 미국우주테크
570022,한투 레버리지S&P500선물 ETN(H)
0097L0,KIWOOM 한국고배당&미국AI테크
025770,한국정보통신
032350,롯데관광개발
570090,한투 KIS CD금리투자 ETN
0053M0,더제이 중소형포커스액티브
454780,KIWOOM 종합채권(AA-이상)액티브
580059,KB 미국채 10년 ETN
237820,플레이디
376180,피코그램
089970,브이엠
012170,아센디오
027740,마니커
580063,KB 레버리지 미국채 10년 선물 ETN
086820,바이오솔루션
057680,티사이언티픽
950170,JTC
075180,새론오토모티브
491830,TIGER 미국AI반도체팹리스
353200,대덕전자
0193M0,BNK 27-12 특수채(AAA이상)액티브
251340,KODEX 코스닥150선물인버스
390400,KODEX 미국스마트모빌리티S&P
487230,KODEX 미국AI전력핵심인프라
096690,에이루트
322780,코퍼스코리아
309710,아이티켐
244920,에이플러스에셋
394660,TIGER 글로벌자율주행&전기차SOLACTIVE
002140,고려산업
0194M0,ACE 삼성전자단일종목레버리지
319400,현대무벡스
0061Z0,RISE 단기특수은행채액티브
086040,바이오톡스텍
610035,메리츠 레버리지 대표 농산물 선물 ETN(H)
414780,TIGER 차이나과창판STAR50(합성)
446700,RISE 배터리 리사이클링
337930,젝시믹스
153890,져스텍
001045,CJ우
0015G0,그린광학
082850,우리바이오
002795,아모레퍼시픽홀딩스우
478560,블랙야크아이앤씨
001685,대상우
011300,우성머티리얼스
085620,미래에셋생명
530094,삼성 인버스 코스닥 150 선물 ETN
171120,라이온켐텍
259630,엠플러스
253160,PLUS 200선물인버스2X
475280,ACE 8월만기자동연장회사채AA-이상액티브
008250,이건산업
131290,티에스이
148020,RISE 200
433980,KODEX TDF2040액티브 적격
219480,KODEX 미국S&P500선물(H)
182400,엔케이젠바이오텍코리아
0191S0,IBK 코스닥150
023800,인지컨트롤스
089030,테크윙
305080,TIGER 미국채10년선물
570096,한투 인버스2X일본엔선물 ETN
138360,앤로보틱스
415340,KODEX 차이나과창판STAR50(합성)
313760,캐리
487750,BNK 온디바이스AI
459550,알트
419050,삼기에너지솔루션즈
054670,대한뉴팜
054950,제이브이엠
273140,KODEX 단기변동금리부채권액티브
052400,코나아이
024850,HLB이노베이션
080220,제주반도체
001450,현대해상
38380K,LX홀딩스1우
303360,프로티아
140070,서플러스글로벌
227610,아우딘퓨쳐스
043090,더테크놀로지
035620,바른손이앤에이
307520,TIGER 지주회사
244660,KODEX 퀄리티Plus
078930,GS
306520,HANARO 200선물인버스
225060,TIGER 이머징마켓MSCI레버리지(합성 H)
245360,TIGER 차이나HSCEI
438560,SOL 국고채3년
496130,TRUSTON 코리아밸류업액티브
118990,모트렉스
357880,SKAI
408470,한패스
395170,KODEX Top10동일가중
488770,KODEX 머니마켓액티브
0093D0,KoAct 팔란티어밸류체인액티브
289930,웨이비스
475070,KoAct 글로벌친환경전력인프라액티브
008350,남선알미늄
134790,시디즈
276650,RISE 글로벌테크놀로지(합성 H)
469160,ACE 일본반도체
298340,PLUS 국채선물3년
002810,삼영무역
450330,하스
003850,보령
009460,한창제지
009470,삼화전기
610103,메리츠 솔랙티브 레버리지 금 선물 ETN(H)
163560,동일고무벨트
457600,벡트
487830,신한제15호스팩
053270,구영테크
278530,KODEX 200TR
395270,HANARO Fn K-반도체
394670,TIGER 글로벌리튬&2차전지SOLACTIVE(합성)
500101,신한 블룸버그 천연가스 선물 ETN
041590,플래스크
570097,한투 엔달러선물 ETN(H)
133820,화인베스틸
472870,RISE 미국30년국채엔화노출(합성 H)
002230,피에스텍
0182S0,1Q K반도체TOP2채권혼합50
049080,기가레인
472850,폰드그룹
092600,앤씨앤
488980,SOL 26-12 회사채(AA-이상)액티브
067390,아스트
291620,KIWOOM 코스닥150선물인버스
610069,메리츠 KAP 레버리지 일본 엔화 ETN
357870,TIGER CD금리투자KIS(합성)
005880,대한해운
316670,KIWOOM 코스닥150
131970,두산테스나
302430,이노메트리
333620,엔시스
001200,유진투자증권
109070,주성코퍼레이션
33626L,두산퓨얼셀2우B
446720,SOL 미국배당다우존스
950190,고스트스튜디오
489790,한화비전
000145,하이트진로홀딩스우
019550,SBI인베스트먼트
032790,엠젠솔루션
038870,에코심플렉스
069410,엔텔스
0163Y0,KoAct 코스닥액티브
001380,SG글로벌
455890,RISE 머니마켓액티브
0152E0,SOL 배당성향탑픽액티브
0094X0,1Q 샤오미밸류체인액티브
0184N0,PLUS 은채권혼합
008290,원풍물산
243840,신흥에스이씨
052260,현대바이오랜드
006050,국영지앤엠
361390,제노코
261260,KODEX 미국달러선물인버스2X
001820,삼화콘덴서
481340,RISE 미국30년국채액티브
071280,로체시스템즈
003200,일신방직
00279K,아모레퍼시픽홀딩스3우C
310970,TIGER MSCI Korea TR
442550,RISE TDF2030액티브 적격
301300,바이브컴퍼니
290120,DH오토리드
580061,KB 미국채 30년 ETN
243890,TIGER 200에너지화학레버리지
488720,WON 종합채권(AA-이상)액티브
016600,큐캐피탈
153490,우리이앤엘하루틴
032800,판타지오
000230,일동홀딩스
089470,HDC현대EP
182360,큐브엔터
0141S0,SOL 조선기자재
317870,엔바이오니아
550087,N2 선진국 1등주 ETN
284620,카이노스메드
453640,KODEX 미국S&P500헬스케어
006490,프리티
310870,디와이씨
580057,KB 일본 컨슈머 TOP 10 ETN
036930,주성엔지니어링
148930,에이치와이티씨
009150,삼성전기
012630,HDC
417840,저스템
061090,세나테크놀로지
001720,신영증권
037950,엘컴텍
466690,키움히어로제1호스팩
117730,티로보틱스
487950,KODEX 대만테크고배당다우존스
101330,모베이스
011150,CJ씨푸드
142280,녹십자엠에스
007700,F&F홀딩스
217820,원익피앤이
276730,한울앤제주
530095,삼성 구리 선물 ETN(H)
497570,TIGER 미국필라델피아AI반도체나스닥
500086,신한 코스닥 150 TR ETN
0168K0,TIGER 기술이전바이오액티브
474650,링크솔루션
303530,이노뎁
700017,하나 레버리지 코스닥150 선물 ETN
347700,스피어
332930,HANARO 200TR
02826K,삼성물산우B
418620,E8
0197W0,SOL SK하이닉스단일종목레버리지
457370,한켐
229200,KODEX 코스닥150
114800,KODEX 인버스
383310,에코프로에이치엔
037230,한국팩키지
221980,케이디켐
520089,미래에셋 CAPE 실러 US Core Sector ETN
095700,제넥신
126700,하이비젼시스템
760010,키움 2차전지산업 ETN
458260,TIGER 미국투자등급회사채액티브(H)
156100,엘앤케이바이오
002710,TCC스틸
200030,KODEX 미국S&P500산업재(합성)
035760,CJ ENM
029530,신도리코
473590,ACE 미국주식베스트셀러
314700,HANARO 농업융복합산업
159010,아스플로
0099W0,미래에셋비전스팩11호
472830,RISE 미국30년국채커버드콜(합성)
060280,큐렉소
067570,엔브이에이치코리아
088390,이녹스
580070,KB 레버리지 2차전지 TOP 10 TR ETN
004800,효성
039020,이건홀딩스
471820,셀로맥스사이언스
006340,대원전선
445290,KODEX 로봇액티브
037030,파워넷
328370,PLUS 코스피TR
025540,한국단자
006120,SK디스커버리
226590,엠디바이스
0127V0,KIWOOM 미국S&P500 TOP10&배당다우비중전환
111710,남화산업
0025N0,TIGER TDF2045 적격
208140,정다운
043200,파루
447620,SOL 미국TOP5채권혼합50
035460,기산텔레콤
138070,신진에스엠
058430,포스코스틸리온
107590,미원홀딩스
036120,서울평가정보
064090,인크레더블버즈
0166N0,PLUS 코스닥150액티브
105560,KB금융
457480,ACE 테슬라밸류체인액티브
010950,S-Oil
610066,메리츠 KAP 통안채 3개월 ETN
570066,한투 인버스2X베트남VN30 선물 ETN(H)
013120,동원개발
440290,HB인베스트먼트
477850,마키나락스
020000,한섬
097520,엠씨넥스
215620,HK S&P코리아로우볼
018680,서울제약
0080G0,KODEX 방산TOP10
230480,KIWOOM 미국달러선물인버스2X
261250,KODEX 미국달러선물레버리지
353190,휴럼
610007,메리츠 국채30년 ETN
435530,KIWOOM TDF2030액티브 적격
093520,매커스
351870,차이커뮤니케이션
155650,와이엠씨
036420,콘텐트리중앙
217480,에스디생명공학
277880,티에스아이
031980,피에스케이홀딩스
007860,서연
0078V0,PLUS 미국로보택시
250930,예선테크
145850,TREX 펀더멘탈 200
491610,1Q CD금리액티브(합성)
0017J0,세미티에스
494330,ACE 라이프자산주주가치액티브
073190,듀오백
063160,종근당바이오
215480,토박스코리아
045060,오공
066700,테라젠이텍스
378340,필에너지
450180,KODEX 한중전기차(합성)
037400,우리엔터프라이즈
244460,올리패스
570122,한투 인버스금선물 ETN
405920,나라셀라
023000,삼원강재
0148J0,TIGER 코리아휴머노이드로봇산업
0191M0,마이티 5월만기자동연장특수채(AAA)액티브
043370,피에이치에이
0000Y0,HK 26-12 회사채(AA-이상)액티브
580058,KB KIS CD금리투자 ETN
221800,지구홀딩스
0088D0,메리츠제1호스팩
007590,동방아그로
192090,TIGER 차이나CSI300
298060,풍전약품
220100,퓨쳐켐
052600,한네트
439580,블루엠텍
35320K,대덕전자1우
237350,KODEX 코스피100
426030,TIME 미국나스닥100액티브
488210,KIWOOM K-반도체북미공급망
0219Z0,HANARO 미국S&P500액티브
385720,TIME 코스피액티브
071970,HD현대마린엔진
214150,클래시스
277070,린드먼아시아
347860,알체라
027970,한국제지
0131W0,1Q 단기특수은행채액티브
415920,PLUS 글로벌희토류&전략자원생산기업
253450,스튜디오드래곤
038880,아이에이
610084,메리츠 미국채30년 스트립 ETN(H)
452160,제이엔비
570104,한투 일본니케이225선물 ETN(H)
0105E0,SOL 코리아고배당
053450,세코닉스
0026E0,KODEX 미국S&P500버퍼3월액티브
102970,KODEX 증권
084870,TBH글로벌
042660,한화오션
248170,샘표식품
069640,한세엠케이
140710,KODEX 운송
305720,KODEX 2차전지산업
468380,KODEX iShares미국하이일드액티브
441680,TIGER 미국나스닥100커버드콜(합성)
299900,위지윅스튜디오
0046A0,TIGER 미국초단기(3개월이하)국채
520037,미래에셋 코스피200 선물 ETN
031440,신세계푸드
137310,에스디바이오센서
072770,멤레이비티
481060,KODEX 미국30년국채타겟커버드콜(합성 H)
580044,KB 인버스 2X KOSDAQ 150 선물 ETN
058400,KNN
442090,에셋플러스 코리아대장장이액티브
336260,두산퓨얼셀
131400,이브이첨단소재
282720,금양그린파워
014530,극동유화
480260,TIGER 27-04회사채(A+이상)액티브
445150,KODEX 친환경조선해운액티브
499150,SOL 미국S&P500엔화노출(H)
385560,RISE KIS국고채30년Enhanced
381180,TIGER 미국필라델피아반도체나스닥
036190,금화피에스시
009540,HD한국조선해양
098660,에스티오
278620,PLUS 단기채권액티브
0195R0,TIGER 삼성전자단일종목레버리지
610039,메리츠 인버스 미국채30년 ETN(H)
327260,RF머트리얼즈
215380,콜마바이오텍
570085,한투 인도네시아대표원자재 ETN
363510,SOL KIS단기통안채
520057,미래에셋 인버스 2X 코스닥150 선물 ETN
468370,KODEX iShares미국인플레이션국채액티브
37550L,DL이앤씨2우(전환)
475270,ACE 5월만기자동연장회사채AA-이상액티브
0023B0,PLUS 미국양자컴퓨팅TOP10
046210,HLB파나진
0167Z0,KODEX 미국우주항공
209640,와이제이링크
035200,프럼파스트
052900,KX하이텍
008775,호텔신라우
021050,서원
293490,카카오게임즈
461300,아이스크림미디어
273060,와이즈버즈
402970,ACE 미국배당다우존스
271560,오리온
002800,신신제약
079170,한창산업
0008S0,TIGER 미국배당다우존스타겟데일리커버드콜
006890,태경케미컬
228800,TIGER 여행레저
491010,TIGER 글로벌AI전력인프라액티브
286750,나노실리칸첨단소재
121890,에스디시스템
348150,고바이오랩
413630,씨피시스템
0127M0,ACE 미국대형가치주액티브
360200,ACE 미국S&P500
010120,LS ELECTRIC
042510,라온시큐어
469480,IBKS제24호스팩
001795,대한제당우
023600,삼보판지
610083,메리츠 레버리지 인도 루피화 ETN
760023,키움 레버리지 K방산 TOP5 ETN
445090,에이직랜드
0198D0,1Q SK하이닉스선물단일종목레버리지
385600,ACE 2차전지&친환경차액티브
270800,RISE KQ고배당
530136,삼성 인버스 2X 천연가스 선물 ETN D
308620,KODEX 미국10년국채선물
066310,큐에스아이
084680,이월드
530128,삼성 레버리지 미국다우존스 선물 ETN
256840,한국비엔씨
020150,롯데에너지머티리얼즈
0049M0,ACE 미국배당퀄리티+커버드콜액티브
014160,대영포장
580083,KB 레버리지 미국 S&P500 선물 ETN B
084670,동양고속
570092,한투 인버스2X유로스탁스50 ETN(H) B
055550,신한지주
449180,KODEX 미국S&P500(H)
0067Y0,TIGER 차이나AI소프트웨어
068930,디지털대성
263600,덕우전자
099440,스맥
0065G0,KODEX 차이나테크TOP10
364950,에이아이코리아
051390,YW
279570,케이뱅크
336060,웨이버스
420770,기가비스
471760,TIGER AI반도체핵심공정
090470,제이스로보틱스
144510,지씨셀
005670,푸드웰
0069M0,1Q 미국나스닥100
290130,RISE ESG사회책임투자
0219E0,KODEX 200커버드콜액티브
166090,하나머티리얼즈
294140,레몬
475260,ACE 2월만기자동연장회사채AA-이상액티브
580043,KB 레버리지 KOSDAQ 150 선물 ETN
027830,대성창투
068790,DMS
137400,피엔티
214610,롤링스톤
461910,PLUS 미국테크TOP10레버리지(합성)
088910,동우팜투테이블
354240,RISE 미국고정배당우선증권
460850,동국씨엠
290660,다이나믹솔루션
060850,영림원소프트랩
373170,엠아이큐브솔루션
002350,넥센타이어
453340,현대그린푸드
003460,유화증권
267490,RISE 미국장기국채선물레버리지(합성 H)
000700,유수홀딩스
019660,글로본
0114X0,RISE 글로벌게임테크TOP3Plus
001020,페이퍼코리아
0089C0,KODEX 미국S&P500변동성확대시커버드콜
084010,대한제강
060480,국일신동
086710,선진뷰티사이언스
098460,고영
129920,대성하이텍
215790,이노인스트루먼트
350520,이지스레지던스리츠
293480,하나제약
397810,애드포러스
900120,씨엑스아이
480040,ACE 미국반도체데일리타겟커버드콜(합성)
469060,RISE 미국반도체NYSE
520066,미래에셋 KRX금현물 Auto-KO-C 2810-01 ETN
580076,KB 레버리지 미국 나스닥 100 TR ETN B
148150,세경하이테크
219130,타이거일렉
495850,KODEX 코리아밸류업
0117L0,KODEX 26-12 금융채(AA-이상)액티브
580089,KB 솔랙티브 레버리지 금 선물 ETN
364980,TIGER 2차전지TOP10
495060,TIME 코리아밸류업액티브
024110,기업은행
007720,소노스퀘어
078935,GS우
006910,보성파워텍
043100,알파AI
438700,버넥트
005690,파미셀
079940,가비아
760027,키움 인버스 2X 전력 TOP5 ETN
0015S0,페스카로
298020,효성티앤씨
218150,미래생명자원
004545,깨끗한나라우
006125,SK디스커버리우
0091M0,HANARO 27-06 회사채(AA-이상)액티브
023530,롯데쇼핑
006800,미래에셋증권
219420,링크제니시스
412770,TIGER 글로벌AI플랫폼액티브
36328K,티와이홀딩스우
0036Z0,RISE 미국천연가스밸류체인
277540,ACE 아시아TOP50
291650,압타머사이언스
005090,SGC에너지
500029,신한 레버리지 은 선물 ETN(H)
083550,케이엠
263050,유틸렉스
510043,대신 인버스 천연가스 선물 ETN(H) B
321370,센서뷰
0098F0,KODEX 원자력SMR
237440,TIGER 경기방어채권혼합
276990,KODEX 글로벌로봇(합성)
014940,오리엔탈정공
130740,티피씨글로벌
131100,티엔엔터테인먼트
038620,위즈코프
463250,TIGER K방산&우주
610079,메리츠 인버스 3X 미국채30년 ETN
032860,더라미
016740,두올
530113,삼성 레버리지 S&P500 선물 ETN
610073,메리츠 KAP 인버스 2X 중국 위안화 ETN
123860,아나패스
376270,HEM파마
610062,메리츠 인버스 3X 국채30년 ETN
900310,컬러레이
104620,노랑풍선
069260,TKG휴켐스
340810,시선AI
018310,삼목에스폼
450950,아스테라시스
273130,KODEX 종합채권(AA-이상)액티브
214180,헥토이노베이션
002100,경농
300950,KODEX 게임산업
474490,유안타제16호스팩
950130,엑세스바이오
252670,KODEX 200선물인버스2X
019180,티에이치엔
129890,앱코
314130,지놈앤컴퍼니
051490,나라엠앤디
087010,펩트론
119650,KC코트렐
090430,아모레퍼시픽
196170,알테오젠
484880,SOL 금융지주플러스고배당
007280,한국특강
417310,코람코더원리츠
123840,뉴온
007980,TP
388870,파로스아이바이오
091220,TIGER 은행
004170,신세계
069730,DSR제강
291630,KIWOOM 코스닥150선물레버리지
261120,TIGER 미국달러선물인버스2X
195930,TIGER 유로스탁스50(합성 H)
258790,소프트캠프
003530,한화투자증권
078590,휴림에이텍
371160,TIGER 차이나항셍테크
000430,대원강업
570101,한투 인버스나스닥100 ETN B
0142D0,TIGER 미국AI데이터센터TOP4Plus
109860,동일금속
304840,피플바이오
0153X0,PLUS 미국고배당주액티브
500072,신한 인버스 2X 코스닥 150 선물 ETN
068240,다원시스
0192M0,RISE 삼성전자단일종목레버리지
047040,대우건설
760024,키움 인버스 2X K방산 TOP5 ETN
007460,에이프로젠
008260,NI스틸
251630,브이원텍
365900,브이씨
003690,코리안리
0092B0,SOL 한국원자력SMR
385520,KODEX 자율주행액티브
023910,대한약품
442570,RISE TDF2050액티브 적격
210120,캔버스엔
021240,코웨이
039200,오스코텍
004250,NPC
760006,키움 KPOP ETN
024120,KB오토시스
287840,인투셀
082640,동양생명
315270,TIGER 200커뮤니케이션서비스
475580,에이럭스
469050,RISE 미국반도체NYSE(H)
192650,드림텍
288980,모아데이타
208860,다산디엠씨
035610,솔본
437370,RISE 글로벌농업경제
488480,RISE 일본섹터TOP4Plus
440110,파두
003220,대원제약
123700,SJM
251970,펌텍코리아
396690,미래에셋글로벌리츠
059210,메타바이오메드
033340,좋은사람들
006345,대원전선우
395160,KODEX AI반도체TOP2플러스
001680,대상
015710,코콤
253230,KIWOOM 200선물인버스2X
014440,영보화학
042700,한미반도체
034940,조아제약
066360,체리부로
185490,아이진
078890,가온그룹
570114,한투 S&P500 VIX S/T선물 ETN(H) B
144600,KODEX 은선물(H)
068290,삼성출판사
100250,진양홀딩스
033230,인성정보
258610,케일럼
032190,다우데이타
261070,TIGER 코스닥150바이오테크
011210,현대위아
005810,풍산홀딩스
003075,코오롱글로벌우
002620,제일파마홀딩스
304360,에스바이오메딕스
252400,RISE 200선물레버리지
300640,RISE 게임테마
440650,ACE 미국달러단기채권액티브
449450,PLUS K방산
005160,동국산업
122090,PLUS 코스피50
458030,WON 국공채머니마켓액티브
570029,한투 코스피양매도3%OTM ETN
311390,네오크레마
352700,씨앤투스
476030,SOL 미국나스닥100
000480,CR홀딩스
453810,KODEX 인도Nifty50
230240,에치에프알
226380,ACE Fn성장소비주도주
295020,RISE 국채선물10년인버스
289080,SV인베스트먼트
425040,티이엠씨
439260,대한조선
079950,인베니아
088280,쏘닉스
063570,NICE인프라
106080,케이이엠텍
267790,배럴
475830,오름테라퓨틱
488500,TIGER 미국S&P500동일가중
017960,한국카본
323410,카카오뱅크
084990,헬릭스미스
000070,삼양홀딩스
760015,키움 레버리지 바이오TOP10 ETN
140860,파크시스템스
499790,GS피앤엘
126640,화신정공
004920,씨아이테크
084690,대상홀딩스
047400,유니온머티리얼
0191W0,HANARO 중기종합채권(A-이상)액티브
108450,ACE 삼성그룹섹터가중
099750,이지케어텍
235980,메드팩토
016790,현대사료
027710,팜스토리
189860,서전기전
900300,오가닉티코스메틱
480020,ACE 미국빅테크7+데일리타겟커버드콜(합성)
114090,GKL
088980,맥쿼리인프라
272290,이녹스첨단소재
0016X0,SOL 중단기회사채(A-이상)액티브
570050,한투 S&P500선물 ETN
007680,대원
021045,대호특수강우
194700,노바렉스
095720,웅진씽크빅
293180,HANARO 200
082270,젬백스
024090,디씨엠
034120,SBS
471460,KIWOOM 국고채30년액티브
054780,키이스트
016100,리더스코스메틱
069510,에스텍
137080,나래나노텍
002785,진흥기업우B
217270,넵튠
276970,KODEX 미국S&P500배당귀족커버드콜(합성 H)
462340,에셋플러스 글로벌다이나믹시니어액티브
234300,에스트래픽
452280,한선엔지니어링
377300,카카오페이
115180,큐리언트
473950,에스케이증권제13호스팩
083420,그린케미칼
365550,ESR켄달스퀘어리츠
700029,하나 S&P 레버리지 WTI원유 선물 ETN B
238720,ACE 일본Nikkei225(H)
307870,비투엔
060560,HC홈센타
064350,현대로템
530127,삼성 미국다우존스 TR ETN
0004G0,1Q 미국배당TOP30
002880,디와이에이
487920,ACE 인도시장대표BIG5그룹액티브
520064,미래에셋 2X 미국채울트라30년 선물 ETN
009290,광동제약
0113D0,TIME 글로벌탑픽액티브
193250,링크드
237750,피앤씨테크
311320,지오엘리먼트
340930,성원에너텍
032750,삼진
086670,비엠티
0190Y0,TIGER 구글밸류체인
0018Z0,RISE 미국양자컴퓨팅
121600,나노신소재
419430,KODEX 차이나2차전지MSCI(합성)
0094K0,TIGER 28-04 회사채(A+이상)액티브
0043B0,TIGER 머니마켓액티브
123010,알엔티엑스
389030,지니너스
247540,에코프로비엠
371450,TIGER 글로벌클라우드컴퓨팅INDXX
464920,PLUS 일본반도체소부장
014190,원익큐브
110990,디아이티
178320,서진시스템
530121,삼성 항셍테크 TR ETN(H) B
090435,아모레퍼시픽우
18064K,한진칼우
220260,켐트로스
580075,KB 레버리지 BYD 밸류체인 ETN
366030,나인앤컴퍼니
065350,신성델타테크
127980,화인써키트
336370,솔루스첨단소재
000270,기아
610077,메리츠 미국채30년 ETN
610064,메리츠 KAP 통안채 6개월 ETN
760021,키움 코스피200 선물 달러노출 ETN
011090,에넥스
306040,에스제이그룹
009190,대양금속
071055,한국금융지주우
064760,티씨케이
004870,티웨이홀딩스
266160,RISE 고배당
530145,삼성 레버리지 천연가스 선물 ETN D
338840,와이바이오로직스
500085,신한 코스피 200 TR ETN
446840,지슨
493280,아이엠바이오로직스
472230,에스케이증권제11호스팩
021650,한국큐빅
0017Y0,1Q 종합채권(AA-이상)액티브
138530,TIGER LG그룹플러스
045390,대아티아이
610074,메리츠 미국채10년 ETN
468630,KODEX iShares미국투자등급회사채액티브
045520,크린앤사이언스
048430,유라테크
001430,세아베스틸지주
115440,우리넷
337160,KODEX 200ESG
760012,키움 반도체TOP10 ETN
168330,내츄럴엔도텍
0008E0,ACE 미국중심중소형제조업
018260,삼성에스디에스
152100,PLUS 200
496070,신한제16호스팩
0155N0,HANARO K휴머노이드테마TOP10
610098,메리츠 미국채30년 풋라이트 ETN(H)
378800,샤페론
0086B0,TIGER 리츠부동산인프라TOP10액티브
0197X0,SOL SK하이닉스선물단일종목인버스2X
0001A0,덕양에너젠
419890,KIWOOM 단기채권ESG액티브
028300,HLB
073570,리튬포어스
002210,동성제약
212710,아이에스티이
065060,지엔코
760008,키움 코스닥 150 TR ETN
014830,유니드
003920,남양유업
0087F0,ACE 차이나AI빅테크TOP2+액티브
107640,한중엔시에스
053980,오상자이엘
001770,SHD
610060,메리츠 인버스 3X 국채10년 ETN
475660,에스켐
083500,에프엔에스테크
377220,프롬바이오
006200,한국전자홀딩스
570094,한투 일본엔선물 ETN C
278470,에이피알
462330,KODEX 2차전지산업레버리지
092130,이크레더블
204270,제이앤티씨
348210,넥스틴
570063,한투 베트남VN30선물 ETN(H)
261240,KODEX 미국달러선물
304660,KODEX 미국30년국채울트라선물(H)
078000,텔코웨어
461500,HANARO 종합채권(AA-이상)액티브
019210,와이지-원
024830,세원물산
0089B0,PLUS 미국나스닥100미국채혼합50
003720,삼영
039420,케이엘넷
040160,누리플렉스
081580,성우전자
393890,더블유씨피
020120,키다리스튜디오
484120,도우인시스
307930,컴퍼니케이
483280,KODEX 미국AI테크TOP10타겟커버드콜
097870,효성오앤비
458750,TIGER 미국배당다우존스타겟커버드콜1호
280920,PLUS 주도업종
950220,네오이뮨텍
330860,네패스아크
411080,샌즈랩
081660,미스토홀딩스
476450,KIWOOM 머니마켓액티브
465770,STX그린로지스
041520,이엘씨
096240,크레버스
004410,서울식품
001070,대한방직
308170,씨티알모빌리티
021080,에이티넘인베스트
067630,HLB생명과학
000880,한화
003650,미창석유
520093,미래에셋 인버스 2X 은 선물 ETN B
500100,신한 금 선물 ETN
385510,KODEX 신재생에너지액티브
044180,KD
493790,유안타제17호스팩
382480,지아이텍
090460,비에이치
355390,크라우드웍스
080520,오디텍
117580,대성에너지
163730,핑거
0060H0,TIGER 토탈월드스탁액티브
403870,HPSP
222080,SFA넥셀
570126,한투 솔랙티브인버스2X금선물 ETN
032540,TJ미디어
453450,그리드위즈
115610,이미지스
477760,DB금융스팩12호
094480,갤럭시아머니트리
494120,큐리오시스
0041J0,엘에스스팩1호
423170,SOL 글로벌AI반도체탑픽액티브
025440,DH오토웨어
089860,롯데렌탈
011200,HMM
033170,시그네틱스
003495,대한항공우
458650,성우
003310,대주산업
008830,대동기어
004990,롯데지주
241820,피씨엘
002320,한진
289250,TIGER MSCI KOREA ESG유니버설
429980,SOL 한국형글로벌전기차&2차전지액티브
0127T0,KIWOOM 미국S&P500&배당다우존스비중전환
182480,TIGER 미국MSCI리츠(합성 H)
0198B0,1Q 삼성전자선물단일종목레버리지
011760,현대코퍼레이션
225040,TIGER 미국S&P500레버리지(합성 H)
466950,TIGER 글로벌AI액티브
199430,케이엔알시스템
236810,엔비티
228850,레이언스
0091P0,TIGER 코리아원자력
039290,인포뱅크
465350,RISE 2차전지TOP10인버스(합성)
102940,코오롱생명과학
100130,동국S&C
123570,이엠넷
0184E0,1Q 200채권혼합50액티브
487570,HS효성
037270,YG PLUS
005745,크라운해태홀딩스우
390390,KODEX 미국반도체
444490,WON 미국S&P500
005725,넥센우
228790,TIGER 화장품
014680,한솔케미칼
042110,에스씨디
111110,호전실업
099520,DGI
464310,TIGER 글로벌AI&로보틱스 INDXX
017180,명문제약
219900,ACE 중국본토CSI300레버리지(합성)
126720,수산인더스트리
078150,HB테크놀러지
232830,아이티센피엔에스
377740,바이오노트
580085,KB 솔랙티브 천연가스 선물 ETN
002790,아모레퍼시픽홀딩스
454910,두산로보틱스
167860,KIWOOM 국고채10년레버리지
004255,NPC우
464930,TIGER 글로벌혁신블루칩TOP10
0118S0,SOL 미국넥스트테크TOP10액티브
315640,딥노이드
483330,ACE 마이크로소프트밸류체인액티브
417860,오브젠
132030,KODEX 골드선물(H)
464610,SOL 의료기기소부장Fn
009070,KCTC
270660,에브리봇
328380,솔트웨어
0000D0,TIGER 엔비디아미국채커버드콜밸런스(합성)
267250,HD현대
489030,PLUS 고배당주위클리커버드콜
001940,KISCO홀딩스
0098Z0,FOCUS 200
019570,GMI벤처
169330,엠브레인
229640,LS에코에너지
092460,한라IMS
217770,TIGER 원유선물인버스(H)
451800,한화리츠
457690,KODEX 33-06 국고채액티브
530063,삼성 레버리지 구리 선물 ETN(H)
311690,CJ 바이오사이언스
020710,시공테크
360350,코셈
382150,온코크로스
0000Z0,RISE 바이오TOP10액티브
138540,TIGER 현대차그룹플러스
500068,신한 인버스 2X 10년 국채선물 ETN
520073,미래에셋 레버리지 미국 AI TOP3 ETN
067990,도이치모터스
263810,상신전자
338100,NH프라임리츠
489860,KIWOOM 글로벌전력GRID인프라
484590,삼양컴텍
570103,한투 인버스2X나스닥100 ETN B
039130,하나투어
013870,지엠비코리아
226980,KODEX 200 중소형
760005,키움 INDXX 미국테크탑10 ETN
484870,엠앤씨솔루션
183300,코미코
318020,포인트모바일
050090,비케이홀딩스
400590,SOL 글로벌탄소배출권선물ICE(합성)
520078,미래에셋 미국 제약 TOP3 ETN
088290,이원컴포텍
389680,유디엠텍
048830,엔피케이
530092,삼성 인버스 코스피 200 선물 ETN
443250,레뷰코퍼레이션
077500,유니퀘스트
004450,삼화왕관
068050,팬엔터테인먼트
100840,SNT에너지
298000,효성화학
049070,인탑스
251590,PLUS 고배당저변동50
530141,삼성 중국 자동차 TOP5 TR ETN(H)
500093,신한 블룸버그 레버리지 WTI원유선물 ETN B
005387,현대차2우B
260930,씨티케이
024070,WISCOM
314930,바이오다인
368680,KODEX K-뉴딜디지털플러스
091970,LSK아이로봇
0037T0,KB제32호스팩
105760,포스뱅크
004090,한국석유
449190,KODEX 미국나스닥100(H)
494340,ACE 글로벌AI맞춤형반도체
051500,CJ프레시웨이
417500,제이아이테크
003070,코오롱글로벌
297090,씨에스베어링
489480,키움제11호스팩
417450,RISE 글로벌수소경제
570125,한투 솔랙티브레버리지금선물 ETN
248070,솔루엠
383800,LX홀딩스
061970,LB세미콘
130500,GH신소재
550095,N2 레버리지 국채10년 ETN
053800,안랩
108230,톱텍
069460,대호에이엘
439090,마녀공장
0155M0,ACE 미국SMR원자력TOP10
039340,한국경제TV
110020,전진바이오팜
152870,파워 200
127120,제이에스링크
002720,국제약품
195920,TIGER 일본TOPIX(합성 H)
119830,아이텍
462900,KoAct 바이오헬스케어액티브
130660,한전산업
760028,키움 인버스 2X 반도체TOP10 ETN
471230,KODEX 국고채10년액티브
033100,제룡전기
031310,아이즈비전
065770,CS
024880,케이피에프
142760,모아라이프플러스
0007J0,인벤테라
317770,엑스페릭스
424870,이뮨온시아
361610,SK아이이테크놀로지
079960,동양이엔피
289480,TIGER 200커버드콜
087260,모바일어플라이언스
520092,미래에셋 레버리지 은 선물 ETN B
177830,파버나인
466810,BNK 2차전지양극재
089790,제이티
610105,메리츠 레버리지 국채30년 ETN B
261520,이지스
610072,메리츠 KAP 레버리지 중국 위안화 ETN
067000,조이시티
256940,킵스파마
039610,화성밸브
580067,KB 인도 디지털 Select 5 ETN
041960,코미팜
030190,NICE평가정보
274090,켄코아에어로스페이스
291230,엔피
150900,파수AI
138080,오이솔루션
058470,리노공업
051915,LG화학우
610025,메리츠 인버스 2X 미국채10년 ETN(H)
157450,TIGER 단기통안채
019175,신풍제약우
037710,광주신세계
354320,알멕
455030,KODEX 미국달러SOFR금리액티브(합성)
048470,대동스틸
476060,온코닉테라퓨틱스
088350,한화생명
001740,SK네트웍스
00499K,롯데지주우
334700,RISE 팔라듐선물인버스(H)
292770,KODEX 국채선물3년인버스
393210,토마토시스템
140950,파워 코스피100
700026,하나 CD금리투자 ETN
081150,티플랙스
580060,KB 레버리지 미국채 10년 ETN
232680,라온로보틱스
453860,에이에스텍
0223A0,RISE 코스닥커버드콜액티브
001065,JW중외제약우
024940,PN풍년
080580,오킨스전자
101970,우양에이치씨
0153P0,ACE 리츠부동산인프라액티브
463690,KODEX 미국S&P500커뮤니케이션
095500,미래나노텍
039490,키움증권
195500,마니커에프앤지
226340,본느
012800,대창
401590,HANARO 글로벌탄소배출권선물ICE(합성)
084110,휴온스글로벌
016710,대성홀딩스
013890,지누스
270810,RISE 코스닥150
246720,아스타
118000,메타케어
0101C0,하나36호스팩
263800,데이타솔루션
580054,KB 인버스 2X 콩 선물 ETN
005290,동진쎄미켐
065500,오리엔트정공
044480,빌리언스
0020H0,KoAct 글로벌양자컴퓨팅액티브
0046Y0,ACE 미국배당퀄리티
0225V0,KODEX 미국CPU반도체TOP10
570098,한투 레버리지엔달러선물 ETN(H)
329670,KODEX TRF7030
415640,KB발해인프라
023810,인팩
352910,오비고
069540,빛과전자
269420,KODEX S&P글로벌인프라(합성)
130680,TIGER 원유선물Enhanced(H)
052860,아이앤씨
094850,참좋은여행
139270,TIGER 200 금융
267290,경동도시가스
475310,SOL 반도체후공정
064550,바이오니아
460930,현대힘스
285690,FOCUS ESG리더스
0198A0,KIWOOM 코스닥150커버드콜액티브
095660,네오위즈
389650,넥스트바이오메디컬
472170,TIGER 미국테크TOP10채권혼합
073240,금호타이어
054540,삼영엠텍
398120,에스지헬스케어
432720,퀄리타스반도체
006360,GS건설
225130,ACE 골드선물 레버리지(합성 H)
025880,케이씨피드
027040,서울전자통신
530090,삼성 인버스 은 선물 ETN(H)
004835,덕성우
016360,삼성증권
102780,KODEX 삼성그룹
342870,오아
0221Z0,ACE K바이오코스닥액티브
479960,위너스일렉
018670,SK가스
700013,하나 레버리지 콩 선물 ETN(H)
046940,우원개발
036530,SNT홀딩스
189330,씨이랩
413390,엠오티
488900,비츠로넥스텍
101680,한국정밀기계
039010,현대에이치티
500095,신한 S&P500 VIX S/T 선물 ETN E
078140,대봉엘에스
056080,유진로봇
039980,폴라리스AI
199480,뱅크웨어글로벌
610051,메리츠 인버스 국채5년 ETN
000050,경방
000650,천일고속
160980,싸이맥스
101000,KS인더스트리
079810,APS이노베이션
372800,아이티아이즈
570115,한투 인버스0.5X S&P500 VIX S/T선물 ETN B
014710,사조씨푸드
051600,한전KPS
470310,UNICORN 생성형AI강소기업액티브
0098T0,교보19호스팩
004770,써니전자
014580,태경비케이
0041B0,교보18호스팩
004060,SG세계물산
011560,세보엠이씨
014620,성광벤드
700035,하나 인버스 2X K방산TOP10 ETN
123750,알톤
194480,데브시스터즈
437080,KODEX 미국종합채권ESG액티브(H)
321260,프로이천
001620,케이비아이동국실업
950210,프레스티지바이오파마
069330,유아이디
003230,삼양식품
0162Z0,RISE 삼성전자SK하이닉스채권혼합50
473050,유안타제15호스팩
310960,TIGER 200TR
004430,송원산업
213630,PLUS 미국다우존스고배당주(합성 H)
309230,ACE 미국WideMoat동일가중
700014,하나 인버스 2X 콩 선물 ETN(H)
003100,선광
046390,삼화네트웍스
308080,바이젠셀
610106,메리츠 인버스 국채30년 ETN B
280940,KODEX 골드선물인버스(H)
0167A0,SOL AI반도체TOP2플러스
017940,E1
474590,WON 반도체밸류체인액티브
010690,화신
357580,아모센스
0192L0,RISE SK하이닉스단일종목레버리지
058110,멕아이씨에스
101400,엔시트론
145995,삼양사우
266420,KODEX 헬스케어
001060,JW중외제약
0104G0,PLUS K방산레버리지
464080,에스오에스랩
007815,코리아써우
456200,PLUS 미국달러SOFR금리액티브(합성)
0082V0,KODEX TDF2060액티브 적격
610092,메리츠 인버스 일본 국채 10년 ETN
002420,세기상사
096760,JW홀딩스
174350,TIGER 로우볼
050120,ES큐브
032560,황금에스티
065450,빅텍
271050,KODEX WTI원유선물인버스(H)
214450,파마리서치
299030,하나기술
433250,UNICORN R&D 액티브
205100,엑셈
364970,TIGER 바이오TOP10
387570,파인메딕스
049120,파인디앤씨
285130,SK케미칼
438330,TIGER 우량회사채액티브
580088,KB 인버스 2X KOSPI 200 선물 ETN B
084650,랩지노믹스
416090,ACE 중국과창판STAR50
462870,시프트업
047560,이스트소프트
140570,RISE 수출주
368970,오에스피
036580,팜스코
0186S0,1Q 코스닥150채권혼합50액티브
376930,노을
028080,휴맥스홀딩스
760016,키움 레버리지 조선TOP10 ETN
414270,ACE 글로벌자율주행액티브
486240,DAISHIN343 AI반도체&인프라액티브
497520,ACE 일라이릴리밸류체인
037350,성도이엔지
016920,카스
520086,미래에셋-0.5X S&P500 VIX S/T선물 ETN(H)B
015360,INVENI
550091,N2 방위산업 Top5 ETN
152380,KODEX 국채선물10년
007120,미래아이앤지
073110,엘엠에스
403790,MIDAS 코스피액티브
241520,DSC인베스트먼트
452200,민테크
468760,유진스팩10호
003960,사조대림
072990,에이치시티
760025,키움 전력 TOP5 ETN
234100,폴라리스세원
376900,로킷헬스케어
041020,폴라리스오피스
010100,한국무브넥스
200350,아티스트스튜디오
204020,그리티
279600,미디어젠
192820,코스맥스
122640,예스티
472920,HK 종합채권(AA-이상)액티브
264660,씨앤지하이테크
007210,벽산
048770,TPC로보틱스
056190,SFA
175140,아고스
106240,파인테크닉스
072870,메가스터디
281740,레이크머티리얼즈
010770,평화홀딩스
058650,세아홀딩스
480370,씨케이솔루션
520076,미래에셋 1.5X 천연가스 선물 ETN
433330,SOL 미국S&P500
012330,현대모비스
325020,KODEX 배당가치
420570,제이투케이바이오
179530,애드바이오텍
196230,RISE 단기통안채
000970,한국주철관
066970,엘앤에프
021820,세원정공
038680,에스넷
068760,셀트리온제약
039860,나노엔텍
288180,케이피항공산업
466920,SOL 조선TOP3플러스
610087,메리츠 WTI원유 선물 ETN(H)
451220,아이엠티
451760,컨텍
300120,라온피플
050960,수산아이앤티
285800,진영
073010,케이에스피
335870,윙스풋
238670,PLUS 스마트베타Quality채권혼합
007070,GS리테일
438900,HANARO Fn K-푸드
017480,삼현철강
127710,아시아경제
395400,SK리츠
215200,메가스터디교육
290690,아리바이오홀딩스
354500,ACE 코스닥150
372910,한컴라이프케어
700018,하나 인버스 2X 코스닥150 선물 ETN
0013P0,RISE 미국은행TOP10
348030,모비릭스
0141T0,SOL 중기종합채권(AA-이상)액티브
293940,신한알파리츠
105740,디케이락
001755,한양증권우
049800,우진플라임
081180,쎄크
005010,휴스틸
478440,미래에셋비전스팩6호
004980,성신양회
187270,신화콘텍
015020,이스타코
065690,파커스
107600,새빗켐
160550,NEW
094820,일진파워
091580,상신이디피
161580,필옵틱스
266360,KODEX K콘텐츠
038010,제일테크노스
053280,예스24
136340,RISE 중기우량회사채
469790,KIWOOM 코리아테크TOP10
203650,드림시큐리티
012320,경동인베스트
610099,메리츠 은 선물 ETN(H)
005490,POSCO홀딩스
100120,뷰웍스
449170,TIGER KOFR금리액티브(합성)
115480,씨유메디칼
004560,현대비앤지스틸
471780,TIGER 코리아테크액티브
112610,씨에스윈드
000860,강남제비스코
0041E0,KODEX 미국S&P500액티브
153270,KIWOOM 코스피100
205720,ACE 일본TOPIX인버스(합성 H)
062970,한국첨단소재
225590,패션플랫폼
204480,TIGER 차이나CSI300레버리지(합성)
340360,다보링크
214430,아이쓰리시스템
320000,한울반도체
142210,유니트론텍
204610,티쓰리
060380,동양에스텍
149980,하이로닉
004270,남성
011810,STX
272570,RISE 중장기국공채액티브
046890,서울반도체
084370,유진테크
227560,TIGER 200 생활소비재
433500,ACE 원자력TOP10
035150,백산
0036R0,RISE 미국휴머노이드로봇
002995,금호건설우
0048K0,KODEX 차이나휴머노이드로봇
500063,신한 인버스 코스닥 150 선물 ETN
042370,비츠로테크
054300,팬스타엔터프라이즈
066910,손오공
0154H0,KoAct 차이나바이오헬스케어액티브
203400,에이비온
000320,노루홀딩스
352540,KODEX 일본부동산리츠(H)
022220,티케이지애강
060310,3S
356540,ACE 종합채권(AA-이상)액티브
530139,삼성 iSelect 조선 TOP10 TR ETN
245620,EDGC
122900,아이마켓코리아
090355,노루페인트우
445690,BNK 주주가치액티브
487720,키움제10호스팩
389500,에스비비테크
089590,제주항공
008770,호텔신라
185680,KODEX 미국S&P바이오(합성)
141000,비아트론
452190,한빛레이저
530064,삼성 인버스 2X 구리 선물 ETN(H)
451000,PLUS 종합채권(AA-이상)액티브
054410,케이피티유
001230,동국홀딩스
009830,한화솔루션
453660,KODEX 미국S&P500경기소비재
017650,대림제지
322000,HD현대에너지솔루션
520080,미래에셋 미국 테크&반도체 TOP3 ETN
290670,대보마그네틱
009970,영원무역홀딩스
404540,TIGER KRX기후변화솔루션
017040,광명전기
253590,네오셈
492220,KB제31호스팩
0102X0,ACE 유럽방산TOP10
0051G0,SOL 미국원자력SMR
530114,삼성 인버스 2X S&P500 선물 ETN
451530,TIGER 국고채30년스트립액티브
444530,심플랫폼
086520,에코프로
486990,노타
610047,메리츠 인버스 국채3년 ETN
357550,석경에이티
488080,TIGER 반도체TOP10레버리지
121850,코이즈
033790,피노
302440,SK바이오사이언스
086900,메디톡스
032300,한국파마
032960,동일기연
276040,스코넥
096350,대창솔루션
0090B0,PLUS K방산소부장
010640,진양폴리
491630,RISE 미국반도체인버스(합성 H)
015750,성우하이텍
048550,SM C&C
114100,RISE 국고채3년
0164H0,한국제16호스팩
091230,TIGER 반도체
284430,KODEX 200미국채혼합50
025750,한솔홈데코
005830,DB손해보험
059090,미코
363570,KODEX 장기종합채권(AA-이상)액티브
211560,TIGER 배당성장
490470,세미파이브
036890,진성티이씨
760013,키움 레버리지 반도체TOP10 ETN
447770,TIGER 테슬라채권혼합Fn
000990,DB하이텍
084180,수성웹툰
448900,한국피아이엠
053260,금강철강
452260,한화갤러리아
337140,KODEX 코스피대형주
014950,삼익제약
476070,KODEX 글로벌비만치료제TOP2 Plus
042040,케이피엠테크
092040,아미코젠
123690,한국화장품
188260,세니젠
257370,피엔티엠에스
475080,KODEX 테슬라커버드콜채권혼합액티브
290560,파라택시스이더리움
443060,HD현대마린솔루션
0173Y0,KODEX 미국AI광통신네트워크
006110,삼아알미늄
036200,유니셈
060980,HL홀딩스
448570,FOCUS AI코리아액티브
237690,에스티팜
000087,하이트진로2우B
500051,신한 인버스 2X S&P500 선물 ETN
0224X0,1Q 엔비디아알파벳미국채혼합50
038540,상상인
004830,덕성
0002C0,에셋플러스 인도일등기업포커스20액티브
0166S0,PLUS K제조업핵심기업액티브
010130,고려아연
117700,KODEX 건설
066790,씨씨에스
114450,그린생명과학
0050E0,PLUS 미국AI에이전트
446770,ACE 글로벌반도체TOP4 Plus
027050,코리아나
103230,에스앤더블류
458350,에스팀
149950,아바텍
530056,삼성 인버스 2X 금 선물 ETN(H)
303030,지니틱스
036810,에프에스티
014285,금강공업우
180640,한진칼
004370,농심
377990,TIGER Fn신재생에너지
024800,유성티엔에스
332500,ACE 200TR
371150,RISE 차이나항셍테크
211270,AP위성
263770,유에스티
336680,탑런토탈솔루션
469900,하나31호스팩
002820,SUN&L
001040,CJ
238090,앤디포스
013990,아가방컴퍼니
460660,RISE 미국S&P배당킹
005680,삼영전자
440340,TIGER 글로벌멀티에셋TIF액티브
0104P0,TIGER 코리아배당다우존스위클리커버드콜
092200,디아이씨
141080,리가켐바이오
500037,신한 레버리지 금 선물 ETN
0139F0,TIGER 12월자동연장금융채(AA-이상)액티브
092790,넥스틸
580081,KB 인버스 2X 은 선물 ETN
428560,KODEX 미국ETF산업Top10 Indxx
0115C0,RISE 미국고배당다우존스TOP10
025870,신라에스지
105190,ACE 200
009140,경인전자
008060,대덕
054450,텔레칩스
264450,유비쿼스
267980,매일유업
570121,한투 금선물 ETN
610024,메리츠 인버스 미국채10년 ETN(H)
288620,에스프리즘
317690,퀀타매트릭스
530126,삼성 코리아 밸류업 TR ETN
026040,제이에스티나
530143,삼성 인버스 2X 은 선물 ETN
139260,TIGER 200 IT
148250,알엔투테크놀로지
348370,엔켐
005710,대원산업
292190,KODEX KRX300
496080,TIGER 코리아밸류업
405000,플라즈맵
445180,퓨릿
000725,현대건설우
0203S0,WON 삼성전자현대차채권혼합50
063760,이엘피
009835,한화솔루션우
000080,하이트진로
053080,케이엔솔
0005D0,SOL 전고체배터리&실리콘음극재
101530,해태제과식품
408920,메쎄이상
760022,키움 K방산 TOP5 ETN
610058,메리츠 인버스 3X 국채5년 ETN
017000,신원종합개발
417970,모델솔루션
078070,유비쿼스홀딩스
043220,티에스넥스젠
459790,KIWOOM 미국성장기업30액티브
025620,차AI헬스케어
360070,탑머티리얼
352560,KODEX 미국부동산리츠(H)
033270,유나이티드제약
422420,RISE 2차전지액티브
001420,태원물산
458250,TIGER 미국30년국채스트립액티브(합성 H)
089980,상아프론테크
018290,브이티
187870,디바이스
455850,SOL AI반도체소부장
199730,바이오인프라
381970,케이카
481190,SOL 미국테크TOP10
013570,디와이
610056,메리츠 인버스 3X 국채3년 ETN
498410,KODEX 금융고배당TOP10타겟위클리커버드콜
089150,케이씨티
148780,비큐AI
073640,테라사이언스
045970,코아시아
091700,파트론
018880,한온시스템
363280,티와이홀딩스
580087,KB 솔랙티브 인버스 천연가스 선물 ETN
101360,에코앤드림
140670,알에스오토메이션
482730,TIGER 미국S&P500타겟데일리커버드콜
099190,아이센스
382840,원준
476750,ACE 미국30년국채엔화노출액티브(H)
025560,미래산업
019770,서연탑메탈
123310,TIGER 인버스
006880,신송홀딩스
017510,세명전기
189690,포시에스
0172Y0,ACE K수출핵심TOP10산업액티브
003535,한화투자증권우
067920,이글루
303810,동국생명과학
203450,유니온바이오메트릭스
006400,삼성SDI
079370,제우스
044820,코스맥스비티아이
365780,ACE 국고채10년
024720,콜마홀딩스
396520,TIGER 차이나반도체FACTSET
580084,KB 인버스 2X 미국 S&P500 선물 ETN B
003620,KG모빌리티
043360,디지아이
095910,에스에너지
115570,스타플렉스
000210,DL
053050,지에스이
364960,TIGER BBIG
001630,종근당홀딩스
172670,에이엘티
900250,크리스탈신소재
0072R0,TIGER KRX금현물
105780,RISE 5대그룹주
480460,WON 한국부동산TOP3플러스
308430,셀비온
025820,이구산업
0082N0,카나프테라퓨틱스
024840,KBI메탈
095270,웨이브일렉트로
305050,ACE 코스피
458870,씨어스
412570,TIGER 2차전지TOP10레버리지
294570,쿠콘
033530,SJG세종
115450,HLB테라퓨틱스
143860,TIGER 헬스케어
005110,한창
500024,신한 인버스 콩 선물 ETN(H)
0085N0,ACE 미국10년국채액티브(H)
046120,오르비텍
000890,보해양조
379810,KODEX 미국나스닥100
200670,휴메딕스
421320,PLUS 우주항공
043260,성호전자
465780,마이티 26-09 특수채(AAA)액티브
407830,에셋플러스 글로벌플랫폼액티브
482680,미래에셋비전스팩7호
012790,신일제약
002920,유성기업
065370,위세아이텍
241690,유니테크노
0072Z0,KB제33호스팩
000950,전방
300610,TIGER K게임
473490,KIWOOM 글로벌AI반도체
278240,RISE 코스닥150선물레버리지
495050,RISE 코리아밸류업
580068,KB S&P 레버리지 WTI원유 선물 ETN B
051360,토비스
483320,ACE 엔비디아밸류체인액티브
046310,백금T&A
054800,아이디스홀딩스
057540,옴니시스템
134580,탑코미디어
223310,사토시홀딩스
013000,세우글로벌
323350,다원넥스뷰
000040,KR모터스
500030,신한 인버스 2X 은 선물 ETN(H)
004710,한솔테크닉스
224110,에이텍모빌리티
0085P0,ACE 미국10년국채액티브
570123,한투 은선물 ETN
500041,신한 인버스 2X 구리 선물 ETN
092230,KPX홀딩스
456040,OCI
484890,SOL 머니마켓액티브
139480,이마트
039310,세중
012450,한화에어로스페이스
070590,인티큐브
083310,엘오티베큠
426150,WON 대한민국국고채액티브
005360,모나미
0131D0,키움히어로제2호스팩
0166T0,PLUS 글로벌저작권핵심기업액티브
096630,에스코넥
145670,ACE 인버스
267440,RISE 미국장기국채선물(H)
069080,웹젠
000370,한화손해보험
250780,TIGER 코스닥150선물인버스
610089,메리츠 인버스 2X WTI원유 선물 ETN(H)
113810,디젠스
092780,DYP
248270,TIGER S&P글로벌헬스케어(합성)
550092,N2 월간 레버리지 방위산업 Top5 ETN
483570,KCGI 미국S&P500 TOP10
0086C0,TIGER 리츠부동산인프라10채권혼합액티브
066590,스모트로닉
090360,로보스타
520102,미래에셋 인버스 2X 코스피200 선물 ETN B
191420,테고사이언스
083660,CSA 코스믹
139320,TIGER 금은선물(H)
003580,HLB글로벌
005930,삼성전자
067770,세진티에스
005389,현대차3우B
010960,삼호개발
012750,에스원
413930,WON AI ESG액티브
225530,HC보광산업
001540,안국약품
0138T0,RISE 미국S&P500데일리고정커버드콜
044780,에이치케이
474920,에셋플러스 차이나일등기업포커스10액티브
580052,KB 인버스 2X 밀 선물 ETN
226330,신테카바이오
476760,ACE 미국30년국채액티브
570073,한투 인버스2X구리선물 ETN
610023,메리츠 레버리지 미국채10년 ETN(H)
456010,아이씨티케이
037070,파세코
377330,이지트로닉스
088790,진도
510027,대신 인버스 2X 코스닥 150 선물 ETN
033560,블루콤
005070,코스모신소재
272110,케이엔제이
610022,메리츠 미국채10년 ETN(H)
208350,지란지교시큐리티
219390,RISE 미국S&P원유생산기업(합성 H)
389140,포바이포
080720,한국유니온제약
001810,무림SP
138910,KODEX 구리선물(H)
329660,KODEX TRF5050
016250,SGC E&C
073490,LIG아큐버
476000,UNICORN 포스트IPO액티브
168580,ACE 중국본토CSI300
368600,아이씨에이치
119500,포메탈
199550,레이저옵텍
007610,선도전기
0215T0,HANARO 미국AI광통신TOP10
120115,코오롱인더우
401170,RISE 메타버스
217730,강스템바이오텍
241840,에이스토리
483020,KIWOOM 의료AI
478150,TIME 글로벌우주테크&방산액티브
441270,파인엠텍
445680,큐리옥스바이오시스템즈
016670,디모아
079160,CJ CGV
0089D0,KODEX 금융고배당TOP10
065950,웰크론
251370,와이엠티
079190,케스피온
034230,파라다이스
0127P0,ACE 미국대형성장주액티브
474610,RF시스템즈
360750,TIGER 미국S&P500
494210,SOL 미국500타겟데일리커버드콜액티브
479080,1Q 머니마켓액티브
412540,제일엠앤에스
438080,ACE 미국S&P500미국채혼합50액티브
530062,삼성 인버스 2X 은 선물 ETN(H)
417180,핑거스토리
016090,대현
395750,PLUS ESG가치주액티브
570065,한투 레버리지베트남VN30선물 ETN(H)
100030,인지소프트
025950,동신건설
065510,휴비츠
441800,TIME Korea플러스배당액티브
530117,삼성 코스피 200 TR ETN
074610,이엔플러스
003380,하림지주
036690,코맥스
487360,신한제14호스팩
051380,피씨디렉트
137950,제이씨케미칼
471990,KODEX AI반도체핵심장비
331380,포커스에이아이
232140,와이씨
122450,KX
610036,메리츠 인버스 2X 대표 농산물 선물 ETN(H)
051160,지어소프트
131370,알서포트
000020,동화약품
086890,이수앱지스
100910,KIWOOM KRX100
238200,비피도
453010,PLUS KOFR금리
077970,STX엔진
049470,비트플래닛
196450,코아시아씨엠
217500,러셀
500050,신한 레버리지 S&P500 선물 ETN
004310,현대약품
610063,메리츠 KIS CD금리투자 ETN
337120,KODEX 멀티팩터
450080,에코프로머티
367770,RISE 수소경제테마
084695,대상홀딩스우
177350,베셀
429000,TIGER 미국S&P500배당귀족
403850,더핑크퐁컴퍼니
580073,KB 레버리지 화웨이 밸류체인 ETN
570111,한투 3X레버리지미국채30년 ETN
442260,마이티 다이나믹퀀트액티브
065680,우주일렉트로
078350,한양디지텍
024910,경창산업
082800,비보존 제약
252410,RISE 200선물인버스
098120,마이크로컨텍솔
321550,티움바이오
009410,태영건설
452400,이닉스
034220,LG디스플레이
435040,ACE 글로벌브랜드TOP10
0174R0,KIWOOM 미국성장다우존스
004365,세방우
510044,대신 레버리지 미국달러 선물 ETN
900270,헝셩그룹
007820,엠엑스로보틱스
550041,N2 미국 IT TOP5 ETN(H)
007160,사조산업
388050,지투파워
007575,일양약품우
473980,노머스
0195S0,TIGER SK하이닉스단일종목레버리지
205470,휴마시스
008870,금비
253240,KIWOOM 200선물인버스
570051,한투 나스닥100 ETN
302550,리메드
274400,이노시뮬레이션
047310,파워로직스
002020,코오롱
491820,HANARO 전력설비투자
136410,아셈스
365340,성일하이텍
200250,KIWOOM 인도Nifty50(합성)
064960,SNT모티브
079980,휴비스
214270,FSN
093370,후성
469830,SOL 초단기채권액티브
011070,LG이노텍
218420,KODEX 미국S&P500에너지(합성)
171010,램테크놀러지
610096,메리츠 인버스 2X 천연가스 선물 ETN(H)
002390,한독
269370,TIGER S&P글로벌인프라(합성)
011330,유니켐
530060,삼성 코스피 양매도 5% OTM ETN
580090,KB 솔랙티브 인버스 2X 금 선물 ETN
009310,참엔지니어링
004100,태양금속
086390,유니테스트
298380,에이비엘바이오
001515,SK증권우
245710,ACE 베트남VN30(합성)
0047N0,PLUS 차이나AI테크TOP10
003830,대한화섬
015230,대창단조
339770,교촌에프앤비
474170,루미르
117680,KODEX 철강
000720,현대건설
002630,오리엔트바이오
700012,하나 인버스 2X 옥수수 선물 ETN(H)
043710,코스리거글로벌
493810,TIGER 미국AI빅테크10타겟데일리커버드콜
036830,솔브레인홀딩스
087600,픽셀플러스
214320,이노션
086960,MDS테크
344820,KCC글라스
293580,나우IB
083640,인콘
520082,미래에셋 미국 자율주행대표기업 ETN
060260,뉴보텍
058610,에스피지
610055,메리츠 3X 레버리지 국채3년 ETN
451250,삐아
121440,골프존홀딩스
494310,KODEX 반도체레버리지
220130,SOL 차이나강소기업CSI500(합성 H)
002900,TYM
052690,한전기술
038110,에코플라스틱
490480,SOL K방산
095610,테스
462510,라메디텍
570091,한투 인버스유로스탁스50 ETN(H) C
109080,옵티시스
056730,CNT85
121800,비덴트
474660,신한제12호스팩
035080,그래디언트
092440,기신정기
453650,KODEX 미국S&P500금융
200230,텔콘RF제약
373790,KIWOOM 미국방어배당성장나스닥
0190M0,KIWOOM 미국AI테크하이베타
140700,KODEX 보험
378850,화승알앤에이
011080,형지I&C
000215,DL우
006805,미래에셋증권우
282000,RISE 국고채3년선물인버스
900290,GRT
009300,삼아제약
253840,수젠텍
094170,동운아나텍
008930,한미사이언스
267260,HD현대일렉트릭
134380,미원화학
363580,KODEX 200IT TR
094840,슈프리마에이치큐
365590,하이딥
000225,유유제약1우
570082,한투 인버스2X코스닥150선물 ETN
020180,대신정보통신
102370,케이옥션
383220,F&F
326030,SK바이오팜
550070,N2 인버스 레버리지 구리 선물 ETN(H)
137940,넥스트아이
185750,종근당
040610,SG&G
295310,에이치브이엠
283580,KODEX 차이나CSI300
417630,TIGER KEDI혁신기업ESG30
021040,대호특수강
128540,에코캡
451670,RISE 국채30년레버리지(합성)
370090,퓨런티어
091120,이엠텍
309930,조이웍스앤코
033050,제이엠아이
610091,메리츠 3X 레버리지 일본 국채 10년 ETN
189980,흥국에프엔비
520072,미래에셋 미국 AI TOP3 ETN
375270,RISE 글로벌데이터센터리츠(합성)
0129K0,신한제18호스팩
169950,KODEX 차이나A50
054040,한국컴퓨터
117690,TIGER 차이나항셍30
570108,한투 레버리지국채30년 ETN
285490,노바텍
000300,DH오토넥스
950160,코오롱티슈진
396300,세아메카닉스
0153K0,KODEX 주주환원고배당주
264900,크라운제과
004890,동일산업
382800,지앤비에스 에코
0049K0,ACE 미국배당퀄리티채권혼합50
0151S0,KODEX 미국AI반도체TOP3플러스
047820,초록뱀미디어
428510,KODEX 차이나AI테크액티브
090150,아이윈
251120,바이오에프디엔씨
481890,엔에이치스팩31호
488200,KIWOOM K-2차전지북미공급망
0144M0,KODEX 미국드론UAM TOP10
102960,KODEX 기계장비
434480,모니터랩
100700,세운메디칼
530104,삼성 레버리지 코스피200 선물 ETN
221840,하이즈항공
416180,신성에스티
434730,HANARO 원자력iSelect
362320,청담글로벌
015260,에이엔피
086790,하나금융지주
0112X0,마이티 200TR
481180,SOL 미국AI소프트웨어
464490,쿼드메디슨
0204S0,TIGER 코스닥액티브
004440,삼일씨엔에스
0118Z0,ACE 미국AI테크핵심산업액티브
227830,PLUS 코스피
094860,네오리진
352820,하이브
496090,KIWOOM 코리아밸류업
023760,한국캐피탈
362990,드림인사이트
004970,신라교역
375770,KODEX 탄소효율그린뉴딜
494840,TIGER 미국방산TOP10
010060,OCI홀딩스
520040,미래에셋 인버스 코스닥150 선물 ETN
110790,크리스에프앤씨
008040,사조동아원
006040,동원산업
010400,우진아이엔에스
069500,KODEX 200
423160,KODEX KOFR금리액티브(합성)
105330,케이엔더블유
520077,미래에셋 -1.5X 천연가스 선물 ETN
424980,마이크로투나노
348950,제이알글로벌리츠
067370,선바이오
053610,프로텍
028670,팬오션
194370,제이에스코퍼레이션
031210,서울보증보험
032830,삼성생명
026150,특수건설
0165X0,메리츠제2호스팩
550089,N2 월간 레버리지 코스피 200 선물 ETN
223190,KODEX 200가치저변동
300720,한일시멘트
100660,서암기계공업
418670,TIGER 글로벌AI사이버보안
354200,엔젠바이오
530031,삼성 레버리지 WTI원유 선물 ETN
304760,HANARO KRX300
252650,KODEX 200동일가중
610071,메리츠 KAP 중국 위안화 ETN
161890,한국콜마
046440,KG파이낸셜
33637L,솔루스첨단소재2우B
469530,RISE 미국달러선물인버스
0019K0,TIME 미국나스닥100채권혼합50액티브
263720,디앤씨미디어
432470,케이엔에스
377450,리파인
486630,KB제30호스팩
011170,롯데케미칼
494670,TIGER 조선TOP10
042600,새로닉스
002310,아세아제지
0011T0,채비
183190,아세아시멘트
006570,대림통상
520039,미래에셋 코스닥150 선물 ETN
036170,에이치엠넥스
500038,신한 인버스 2X 금 선물 ETN
610075,메리츠 3X 레버리지 미국채10년 ETN
429010,TIGER 미국나스닥넥스트100
453630,KODEX 미국S&P500필수소비재
271940,일진하이솔루스
286940,롯데이노베이트
610049,메리츠 국채5년 ETN
580050,KB 차이나 과창판 STAR 50 ETN
466930,SOL 자동차TOP3플러스
290720,푸드나무
469610,이노테크
389020,자람테크놀로지
0052S0,1Q 미국S&P500미국채혼합50액티브
277640,TIGER 코스피대형주
025980,아난티
0073X0,FOCUS 알리바바미국채커버드콜혼합
289040,KODEX MSCI KOREA ESG유니버설
0194R0,KIWOOM SK하이닉스선물단일종목레버리지
033250,체시스
261110,TIGER 미국달러선물레버리지
023900,풍국주정
027410,BGF
195980,PLUS 신흥국MSCI(합성 H)
427120,RISE AI플랫폼
0216Z0,ACE K방산TOP5+
279530,KODEX 고배당주
086450,동국제약
093320,케이아이엔엑스
290520,신도기연
493420,SOL 미국배당다우존스2호
090850,현대이지웰
000590,CS홀딩스
000640,동아쏘시오홀딩스
417200,LS머트리얼즈
058630,엠게임
306200,세아제강
024890,대원화성
192720,파워 고배당저변동성
433880,PLUS TDF2060액티브 적격
438320,TIGER 차이나항셍테크레버리지(합성 H)
007370,진양제약
008370,원풍
105010,TIGER 라틴35
368770,파이버프로
002460,HS화성
050890,쏠리드
322400,HANARO e커머스
0192S0,SOL 코스피200채권혼합50
012700,리드코프
530067,삼성 KRX 금현물 ETN
0162M0,KODEX 금융채1~2년(AA-이상)PLUS액티브
011785,금호석유화학우
033290,로젠
298770,KODEX 한국대만IT프리미어
00104K,CJ4우(전환)
061040,알에프텍
435540,KIWOOM TDF2040액티브 적격
0001P0,마이티 바이오시밀러&CDMO액티브
090410,덕신이피씨
033200,모아텍
189300,인텔리안테크
032080,아즈텍WB
482690,대신밸런스제19호스팩
461950,KODEX 2차전지핵심소재10
049480,오픈베이스
0093A0,RISE AI반도체TOP10
459750,RISE 글로벌주식분산액티브
012340,뉴인텍
227840,현대코퍼레이션홀딩스
415760,SOL 차이나육성산업액티브(합성)
476040,오가노이드사이언스
00680K,미래에셋증권2우B
360140,KODEX 200롱코스닥150숏선물
900340,윙입푸드
079430,현대리바트
050110,캠시스
187790,나노
019490,엑시큐어하이트론
079900,전진건설로봇
139670,키네마스터
254490,미래반도체
418470,KT밀리의서재
408900,스튜디오미르
253150,PLUS 200선물레버리지
206560,덱스터
039570,HDC랩스
0083S0,1Q 미국메디컬AI
317330,덕산테코피아
081000,일진다이아
263020,디케이앤디
007690,국도화학
002150,도화엔지니어링
038060,루멘스
448730,삼성FN리츠
097780,에코볼트
099320,쎄트렉아이
266410,KODEX 필수소비재
344860,이노진
500069,신한 레버리지 코스피 200 선물 ETN
363260,모비데이즈
341850,TIGER 리츠부동산인프라채권
358570,지아이이노베이션
002700,신일전자
321410,KODEX 멀티에셋하이인컴(H)
085910,네오티스
001460,BYC
0144L0,KODEX 미국성장커버드콜액티브
263860,지니언스
240550,동방메디컬
181480,ACE 미국부동산리츠(합성 H)
357430,마스턴프리미어리츠
272560,RISE 단기국공채액티브
178780,일월지엠엘
186230,그린플러스
307280,원바이오젠
429270,시지트로닉스
064260,다날
0151P0,RISE 코리아전략산업액티브
241560,두산밥캣
218410,RFHIC
272580,TIGER 단기채권액티브
036560,KZ정밀
333050,이노테나
500035,신한 레버리지 미국달러 선물 ETN
295000,RISE 국채선물10년
520098,미래에셋 레버리지 반도체 ETN
088130,동아엘텍
001525,동양우
016580,환인제약
530089,삼성 은 선물 ETN(H)
365270,큐라클
058860,KTis
042000,카페24
190510,나무가
177900,쓰리에이로직스
145020,휴젤
446070,유니드비티플러스
550098,N2 인버스 2X 코스닥150 선물 ETN
092070,디엔에프
005950,이수화학
275290,KODEX 가치주
368590,RISE 미국나스닥100
065530,와이어블
297890,HB솔루션
003550,LG
376290,씨유테크
078520,에이블씨엔씨
570074,한투 유럽탄소배출권선물 ETN(H)
307750,국전
190650,코리아에셋투자증권
464240,KIWOOM 26-09회사채(AA-이상)액티브
023160,태광
071950,코아스
400580,SOL 유럽탄소배출권선물S&P(H)
032280,삼일
296640,이노에이엑스
191410,육일씨엔에쓰
145720,덴티움
475400,씨메스로보틱스
219750,한국비티비
256630,포인트엔지니어링
0128D0,PLUS 차이나항셍테크위클리타겟커버드콜
139250,TIGER 200 에너지화학
0099X0,IBKS제25호스팩
036000,예림당
900260,로스웰
030200,KT
530135,삼성 인버스 China A50 선물 ETN(H) B
067290,JW신약
004140,동방
105840,우진
277410,인산가
472840,IBK 200
126730,코칩
138610,나이벡
204620,글로벌텍스프리
376980,원티드랩
025890,한국주강
187220,디티앤씨
441640,KODEX 미국배당커버드콜액티브
012200,계양전기
610070,메리츠 KAP 인버스 2X 일본 엔화 ETN
0176E0,RISE 미국AI전력인프라액티브
196300,HLB펩
066130,하츠
570081,한투 레버리지코스닥150선물 ETN
030530,원익홀딩스
009730,이렘
033310,엠투엔
475460,미트박스
482630,삼양엔씨켐
353590,오토앤
0018C0,PLUS 고배당주위클리고정커버드콜
000810,삼성화재
454320,HANARO CAPEX설비투자iSelect
700011,하나 레버리지 옥수수 선물 ETN(H)
108320,LX세미콘
0101N0,RISE AI전력인프라
139240,TIGER 200 철강소재
449780,KIWOOM 미국S&P500(H)
580074,KB BYD 밸류체인 ETN
000100,유한양행
030000,제일기획
0004V0,엔비알모션
001527,동양2우B
013720,청보
063170,서울옥션
065440,이루온
115500,케이씨에스
318410,비비씨
304780,HANARO 200선물레버리지
017250,인터엠
001250,GS글로벌
330590,롯데리츠
117460,KODEX 에너지화학
012280,영화금속
476080,M83
232080,TIGER 코스닥150
105550,엣지파운드리
418550,제이오
610059,메리츠 3X 레버리지 국채10년 ETN
004780,대륙제관
123890,한국자산신탁
0133E0,TIGER 차이나증권
005430,한국공항
196490,디에이테크놀로지
052710,아모텍
241790,티이엠씨씨엔에스
067010,이씨에스
000680,LS네트웍스
227950,엔투텍
173940,에프엔씨엔터
580071,KB 인버스 2X 천연가스 선물 ETN B
0226A0,PLUS SK하이닉스샌디스크채권혼합50
035720,카카오
261920,ACE MSCI필리핀(합성)
490590,RISE 미국AI밸류체인데일리고정커버드콜
033540,파라텍
459580,KODEX CD금리액티브(합성)
450910,SOL 코스닥150
102710,이엔에프테크놀로지
351330,이삭엔지니어링
419420,KODEX 미국클린에너지나스닥
014100,메디앙스
278650,HLB바이오스텝
023960,에쓰씨엔지니어링
0137V0,KIWOOM 미국S&P500모멘텀
253290,RISE 헬스케어채권혼합
269530,PLUS S&P글로벌인프라
441540,HANARO Fn조선해운
332620,PLUS 미국장기우량회사채
007660,이수페타시스
481430,RISE 국고채10년액티브
385590,ACE ESG액티브
580080,KB 인버스 은 선물 ETN
214680,디알텍
317530,에피소드컴퍼니
400760,NH올원리츠
000545,흥국화재우
157500,TIGER 증권
080530,코디
610088,메리츠 레버리지 WTI원유 선물 ETN(H)
013310,아진산업
473290,KODEX 26-12 회사채(AA-이상)액티브
372170,윤성에프앤씨
017810,풀무원
465480,인스피언
239610,에이치엘사이언스
498390,한화플러스제5호스팩
471050,대신밸런스제17호스팩
477470,미래에셋비전스팩5호
067160,SOOP
363250,진시스템
0181B0,HANARO 미국AI메모리반도체TOP4+
0099L0,ACE 우량회사채(AA-이상)액티브
461460,PLUS 국고채10년액티브
222420,쎄노텍
128820,대성산업
043610,KT지니뮤직
020560,아시아나항공
148070,KIWOOM 국고채10년
267850,아시아나IDT
424960,스마트레이더시스템
403490,우듬지팜
054220,비츠로시스
213420,덕산네오룩스
353810,이지바이오
060900,에이전트AI
133690,TIGER 미국나스닥100
331740,아우토크립트
395290,HANARO Fn K-POP&미디어
009200,무림페이퍼
084440,유비온
446690,KODEX 아시아AI반도체exChina액티브
003555,LG우
448540,ACE 엔비디아채권혼합
465610,ACE 미국빅테크TOP7 Plus레버리지(합성)
065420,에스아이리소스
033160,엠케이전자
067310,하나마이크론
760007,키움 코스피 200 TR ETN
265520,AP시스템
201490,미투온
170790,파이오링크
003547,대신증권2우B
491620,RISE 미국테크100데일리고정커버드콜
045660,에이텍
388610,지에프씨생명과학
032850,비트컴퓨터
016610,DB증권
403550,쏘카
018000,유니슨
086980,쇼박스
359090,씨엔알리서치
234310,RISE V&S셀렉트밸류
0219B0,KoAct 광통신&위성네트워크액티브
140580,RISE 우량업종대표주
002787,진흥기업2우B
330730,스톤브릿지벤처스
461490,RISE 글로벌자산배분액티브
091160,KODEX 반도체
520047,미래에셋 인버스 2X 옥수수 선물 ETN
570100,한투 일본종합상사TOP5 ETN
331920,셀레믹스
900110,딥커머스
092730,네오팜
610076,메리츠 인버스 3X 미국채10년 ETN
017370,우신시스템
074430,아미노로직스
323280,태성
004700,조광피혁
297570,아틀라스링크
067170,오텍
214260,라파스
189400,PLUS 글로벌MSCI(합성 H)
500094,신한 블룸버그 인버스2X WTI원유선물 ETN B
252990,샘씨엔에스
002030,아세아
439870,KODEX 국고채30년액티브
486290,TIGER 미국나스닥100타겟데일리커버드콜
497880,SOL CD금리&머니마켓액티브
580026,KB S&P 레버리지 은 선물 ETN(H)
302450,RISE 코스피
041920,메디아나
043150,바텍
199820,제일일렉트릭
005300,롯데칠성
240810,원익IPS
465580,ACE 미국빅테크TOP7 Plus
367000,플래티어
005320,온타이드
015860,일진홀딩스
147830,제룡산업
001570,금양
279540,KODEX 최소변동성
570106,한투 레버리지일본니케이225선물 ETN(H)
0105D0,SOL 한국AI소프트웨어
463020,뉴엔AI
008700,아남전자
007340,DN오토모티브
475350,RISE 버크셔포트폴리오TOP10
146320,비씨엔씨
437730,삼현
226950,올릭스
003570,SNT다이내믹스
0193L0,PLUS 삼성전자선물단일종목인버스2X
456600,TIME 글로벌AI인공지능액티브
238120,얼라인드
003680,한성기업
487910,ACE 인도컨슈머파워액티브
316300,ACE 싱가포르리츠
215100,로보로보
462350,이노스페이스
002070,비비안
491220,PLUS 200TR
052220,iMBC
262260,에이프로
0194N0,KIWOOM 삼성전자선물단일종목레버리지
027580,상보
064820,케이프
0190G0,KODEX 반도체타겟위클리커버드콜
0088M0,메쥬
006730,서부T&D
153460,네이블
029480,광무
495940,RISE 미국AI테크액티브
367760,RISE 네트워크인프라
381620,제닉스로보틱스
473000,에스케이증권제12호스팩
035250,강원랜드
255220,SG
530140,삼성 iSelect 레버리지 조선 TOP10 TR ETN
196030,ACE 일본TOPIX레버리지(H)
210980,SK디앤디
065150,대산F&B
379790,RISE 유로스탁스50(H)
700027,하나 반도체 ETN
108675,LX하우시스우
760014,키움 바이오TOP10 ETN
011155,CJ씨푸드1우
307180,아이엘
436140,SOL 종합채권(AA-이상)액티브
336570,원텍
0180V0,ACE 미국우주테크액티브
035420,NAVER
462310,뉴키즈온
039440,에스티아이
282880,코윈테크
299170,더블유에스아이
045510,정원엔시스
318160,셀바이오휴먼텍
490490,SOL 미국배당미국채혼합50
377030,비트맥스
361570,알비더블유
400970,TIGER Fn메타버스
373160,데이원컴퍼니
473440,ACE 11월만기자동연장회사채AA-이상액티브
0013V0,삼진식품
037330,인지디스플레
395280,HANARO Fn K-게임
580034,KB 레버리지 FANG 플러스 ETN(H)
129260,인터지스
271830,팸텍
437070,KODEX 아시아달러채권ESG플러스액티브
080160,모두투어
004415,서울식품우
090350,노루페인트
002025,코오롱우
396270,넥스트칩
151860,KG에코솔루션
001290,상상인증권
257720,실리콘투
487580,폴레드
610018,메리츠 국채10년 ETN
520054,미래에셋 레버리지 코스피200 선물 ETN
610020,메리츠 인버스 국채10년 ETN
33626K,두산퓨얼셀1우
054930,유신
0040S0,HANARO 글로벌피지컬AI액티브
0177X0,ACE K휴머노이드로봇산업TOP2+
291130,ACE MSCI멕시코(합성)
021320,KCC건설
530125,삼성 인버스 2X 일본니케이225선물 ETN(H)
0004Y0,디비금융제14호스팩
166480,코아스템켐온
0120G0,삼양바이오팜
104040,디에스엠
079550,LIG디펜스앤에어로스페이스
489210,교보17호스팩
075130,플랜티넷
0209Z0,ACE 코리아AI전력TOP10
112290,와이씨켐
085660,차바이오텍
435570,에르코스
242040,나무에이엑스
227570,TIGER 우량가치
009270,신원
093240,형지엘리트
292050,RISE KRX300
049180,셀루메드
318000,KBG
016590,신대양제지
275750,RISE 코스닥150선물인버스
455860,SOL 2차전지소부장Fn
008355,남선알미우
328130,루닛
530130,삼성 S&P500 VIX S/T 선물 ETN B
220180,폴라리스AI핸디
466940,TIGER 은행고배당플러스TOP10
0010V0,제이피아이헬스케어
012205,계양전기우
053210,스카이라이프
056360,코위버
047050,포스코인터내셔널
059100,아이컴포넌트
273640,와이엠텍
198080,캐프
0005G0,IBK K-AI반도체코어테크
066410,버킷스튜디오
610061,메리츠 3X 레버리지 국채30년 ETN
037760,쎄니트
570071,한투 구리선물 ETN
048870,시너지이노베이션
0047R0,RISE 팔란티어고정테크100
0107F0,KIWOOM 미국고배당&AI테크
123040,엠에스오토텍
336160,RISE 금융채액티브
131760,파인텍
001750,한양증권
222040,코스맥스엔비티
239890,피엔에이치테크
028100,동아지질
068270,셀트리온
001500,현대차증권
002355,넥센타이어1우B
017900,광전자
391670,HK 베스트일레븐액티브
090080,평화산업
023440,제이스코홀딩스
580051,KB 레버리지 밀 선물 ETN
011420,갤럭시아에스엠
520038,미래에셋 인버스 코스피200 선물 ETN
477050,PLUS 머니마켓액티브
310210,보로노이
065570,삼영이엔씨
053950,경남제약
002760,보락
206400,베노티앤알
053620,태양
0115D0,KODEX 조선TOP10
0176P0,FOCUS AI반도체위클리고정커버드콜
290270,휴네시온
393970,대진첨단소재
006260,LS
001520,동양
009240,한샘
0193T0,KODEX SK하이닉스단일종목레버리지
306950,KODEX KRX300레버리지
610095,메리츠 레버리지 천연가스 선물 ETN(H)
0132H0,KODEX 미국원자력SMR
550082,N2 KIS CD금리투자 ETN
068940,셀피글로벌
357780,솔브레인
019170,신풍제약
0071M0,삼성스팩11호
069620,대웅제약
453060,HANARO KOFR금리액티브(합성)
469750,아이비젼웍스
071670,에이테크솔루션
215090,솔디펜스
066900,디에이피
010470,오리콤
415380,스튜디오삼익
214370,케어젠
019990,에너토크
228810,TIGER 미디어컨텐츠
250060,모비스
002220,한일철강
500091,신한 33-12 국고채 플러스 ETN
477080,RISE CD금리액티브(합성)
530055,삼성 레버리지 금 선물 ETN(H)
580035,KB S&P 유럽탄소배출권 선물 ETN(H)
498270,KIWOOM 미국양자컴퓨팅
035600,KG이니시스
0104N0,TIGER 200타겟위클리커버드콜
580033,KB 인버스 2X 구리 선물 ETN(H)
054620,APS
322510,제이엘케이
094280,효성ITX
419120,산돌
192440,슈피겐코리아
0134X0,대신밸런스제20호스팩
432430,와이랩
0203R0,WON 중단기종합채권(A-이상)액티브
389470,인벤티지랩
092220,KEC
276000,TIGER 글로벌자원생산기업(합성 H)
072950,빛샘전자
045340,토탈소프트
0052D0,TIGER 코리아배당다우존스
010780,아이에스동서
063080,컴투스홀딩스
115530,씨엔플러스
453820,KODEX 인도Nifty50레버리지(합성)
580032,KB 레버리지 구리 선물 ETN(H)
207760,미스터블루
500061,신한 인버스 코스피 200 선물 ETN
432980,엠에프씨
000105,유한양행우
489730,디비금융제13호스팩
272910,ACE 중장기국공채액티브
477380,미래에셋비전스팩4호
418420,라온텍
0117V0,TIGER 코리아AI전력기기TOP3플러스
475380,RISE 글로벌리얼티인컴
160190,하이젠알앤엠
610078,메리츠 3X 레버리지 미국채30년 ETN
225800,KIWOOM 미국달러선물레버리지
570110,한투 3X레버리지국채30년 ETN
580053,KB 레버리지 콩 선물 ETN
101170,우림피티에스
520081,미래에셋 2X 미국 테크&반도체 TOP3 ETN
082660,코스나인
0177N0,KODEX 삼성전자SK하이닉스채권혼합50
174900,앱클론
047080,한빛소프트
530112,삼성 S&P500 TR ETN
372320,큐로셀
101240,씨큐브
492500,1Q 현대차그룹채권(A+이상)&국고통안
071840,롯데하이마트
371470,TIGER 차이나바이오테크SOLACTIVE
241390,RISE V&S셀렉트밸류채권혼합
103840,우양
610100,메리츠 레버리지 은 선물 ETN(H)
401470,KODEX 메타버스액티브
0132D0,KoAct 글로벌K컬처밸류체인액티브
046070,코다코
0041D0,KODEX 미국AI소프트웨어TOP10
013360,일성건설
013700,까뮤이앤씨
025860,남해화학
002990,금호건설
024900,디와이덕양
007310,오뚜기
094360,칩스앤미디어
290090,트윔
481070,에이유브랜즈
006620,동구바이오제약
187420,HLB제넥스
550084,N2 코스피 200 TR ETN
760004,키움 인버스 미국달러선물 ETN
700032,하나 인버스 2X 천연가스 선물 ETN(H)
0214M0,MIDAS 바이오헬스케어액티브
380340,ACE 코리아AI테크핵심산업
452250,ACE 미국30년국채선물레버리지(합성 H)
007570,일양약품
249420,일동제약
006380,카프로
0117P0,피스피스스튜디오
365000,TIGER 인터넷TOP10
091810,트리니티항공
052460,아이크래프트
0122W0,RISE 26-11 회사채(AA-이상)액티브
0150K0,KoAct 수소전력ESS인프라액티브
005820,원림
472720,TRUSTON 주주가치액티브
001800,오리온홀딩스
476830,알지노믹스
570019,한투 코스피양매도5%OTM ETN
154030,아시아종묘
404120,TIME K신재생에너지액티브
700022,하나 Solactive US Tech Top 10 ETN(H)
213500,한솔제지
580039,KB 레버리지 KOSPI 200 선물 ETN
038460,바이오스마트
197140,디지캡
246710,티앤알바이오팹
459100,위츠
472220,신영스팩10호
044450,KSS해운
095190,신화프리텍
0203D0,PLUS 200위클리커버드콜채권혼합
261220,KODEX WTI원유선물(H)
411060,ACE KRX금현물
580047,KB 레버리지 항셍테크 선물 ETN(H) B
013810,스페코
457990,PLUS 태양광&ESS
0218L0,네오뷰
041190,우리기술투자
108490,로보티즈
493330,지에프아이
434960,DAISHIN343 K200
419540,비스토스
490330,KoAct 미국치매&뇌질환치료제액티브
017390,서울가스
267320,나인테크
332940,HANARO MSCI Korea TR
304940,KODEX 미국나스닥100선물(H)
005870,휴니드
001840,이화공영
289220,자이언트스텝
014130,한익스프레스
123330,제닉
048910,대원미디어
373110,엑셀세라퓨틱스
002840,미원상사
145270,케이탑리츠
407310,HANARO 200 TOP10
072130,유엔젤
069920,엑시온그룹
089600,KT나스미디어
166400,TIGER 200커버드콜OTM
099140,KODEX 차이나H
269540,PLUS 미국S&P500(H)
404260,KODEX 기후변화솔루션
033240,자화전자
038500,삼표시멘트
122310,제노레이
355690,에이텀
387280,TIGER 퓨처모빌리티액티브
0103T0,1Q K소버린AI
530120,삼성 나스닥 100 TR ETN
072470,우리산업홀딩스
035900,JYP Ent.
005935,삼성전자우
265740,엔에프씨
093050,LF
251270,넷마블
306620,지아이에스
0193K0,PLUS 삼성전자단일종목레버리지
009620,삼보산업
036540,SFA반도체
419530,SAMG엔터
128940,한미약품
261140,TIGER 우선주
0123S0,HANARO 26-12 은행채(AA+이상)액티브
033830,티비씨
016450,한세예스24홀딩스
030350,드래곤플라이
225430,케이엠제약
041440,현대에버다임
446540,메가터치
475040,스트라드비젼
570118,한투 인버스2X천연가스선물 ETN B
700033,하나 K방산TOP10 ETN
295040,SOL 200TR
126880,제이엔케이글로벌
0111P0,1Q 미국나스닥100미국채혼합50액티브
485540,KODEX 미국AI테크TOP10
064480,브리지텍
033500,동성화인텍
464280,티디에스팜
570107,한투 인버스2X일본니케이225선물 ETN(H)
483340,ACE 구글밸류체인액티브
550096,N2 레버리지 국채30년 ETN
009520,포스코엠텍
469070,RISE AI&로봇
0224D0,KIWOOM 미국CPU반도체TOP4+
254120,자비스
067830,세이브존I&C
108590,TREX 200
214980,KODEX 단기채권PLUS
101490,에스앤에스텍
018120,진로발효
269620,시스웍
330350,위더스제약
108380,대양전기공업
413640,비아이매트릭스
256450,PLUS 심천차이넥스트(합성)
073560,우리손에프앤지
474220,TIGER 미국테크TOP10타겟커버드콜
023450,동남합성
004080,신흥
006980,우성
076080,웰크론한텍
084730,팅크웨어
520075,미래에셋 레버리지 미국 방위산업 TOP3 ETN
003925,남양유업우
337150,KODEX 200exTOP
034020,두산에너빌리티
442580,PLUS 글로벌HBM반도체
381570,HANARO Fn친환경에너지
000760,이화산업
477730,KODEX 인도타타그룹
530122,삼성 인버스 2X 항셍테크 TR ETN(H) B
001530,DI동일
147970,TIGER 모멘텀
0015B0,KoAct 미국나스닥성장기업액티브
008420,문배철강
0100K0,KODEX 방산TOP10레버리지
0206G0,1Q 현대차기아채권혼합50
001470,삼부토건
031820,아이티센씨티에스
214330,금호에이치티
058970,엠로
0048J0,KODEX 미국머니마켓액티브
079970,투비소프트
570116,한투 레버리지WTI원유선물 ETN B
238490,힘스
405100,큐알티
066575,LG전자우
407400,꿈비
005860,한일사료
136490,선진
447660,PLUS 애플채권혼합
019540,일지테크
226320,잇츠한불
092190,서울바이오시스
454180,KIWOOM 차이나내수소비TOP CSI
272450,진에어
400570,KODEX 유럽탄소배출권선물ICE(H)
101280,KODEX 일본TOPIX100
089850,유비벨록스
096250,와이즈넛
246690,TS인베스트먼트
059270,해성에어로보틱스
053160,프리엠스
463680,KODEX 미국S&P500테크놀로지
054920,한컴위드
423920,TIGER 미국필라델피아반도체레버리지(합성)
066670,디티씨
277810,레인보우로보틱스
001130,대한제분
473640,HANARO 글로벌금채굴기업
014825,동원시스템즈우
357250,미래에셋맵스리츠
032500,케이엠더블유
419650,PLUS 글로벌수소&차세대연료전지
700030,하나 S&P 인버스 2X WTI원유 선물 ETN B
229000,젠큐릭스
354350,HANARO 글로벌럭셔리S&P(합성)
449580,RISE 테슬라애플아마존채권혼합
380540,옵티코어
040420,정상제이엘에스
170920,엘티씨
234080,JW생명과학
0177A0,WON 두산그룹포커스
227550,TIGER 200 산업재
375760,HANARO 탄소효율그린뉴딜
700031,하나 레버리지 천연가스 선물 ETN(H)
460860,동국제강
479880,한국제15호스팩
0080X0,SOL 미국S&P500미국채혼합50
071320,지역난방공사
359210,KODEX 코스피TR
397030,에이프릴바이오
402460,HANARO Fn K-메타버스MZ
215360,우리산업
064290,인텍플러스
029460,케이씨
097955,CJ제일제당 우
044340,위닉스
019685,대교우B
0074K0,KoAct K수출핵심기업TOP30액티브
369370,블리츠웨이엔터테인먼트
005250,녹십자홀딩스
0000J0,PLUS 한화그룹주
550099,N2 레버리지 천연가스 선물 ETN
463480,모티브링크
005740,크라운해태홀딩스
139230,TIGER 200 중공업
465330,RISE 2차전지TOP10
494180,TIME 글로벌소비트렌드액티브
002200,한국수출포장
292160,TIGER KRX300
026960,동서
115310,인포바인
006370,대구백화점
495330,1Q 코리아밸류업
089230,THE E&M
352090,스톰테크
298830,슈어소프트테크
0193W0,KODEX 삼성전자단일종목레버리지
0210E0,PLUS 200커버드콜액티브
104480,티케이케미칼
003480,한진중공업홀딩스
007540,샘표
131030,옵투스제약
003120,일성아이에스
101160,월덱스
192080,더블유게임즈
114630,폴라리스우노
463300,RISE 중국본토CSI300
484810,티엑스알로보틱스
007530,와이엠
0080Y0,SOL 조선TOP3플러스레버리지
009580,무림P&P
252420,RISE 200선물인버스2X
267270,HD건설기계
0051A0,KoAct 브로드컴밸류체인액티브
491230,PLUS 국공채머니마켓액티브
032620,GC메디아이
0167B0,SOL 200타겟위클리커버드콜
0036D0,TIME 미국배당다우존스액티브
009155,삼성전기우
530129,삼성 인버스 2X 미국다우존스 선물 ETN
096610,알에프세미
0091C0,KODEX 미국10년국채액티브(H)
277630,TIGER 코스피
003610,방림
0221V0,IBK 초단기채권액티브
243880,TIGER 200IT레버리지
570023,한투 인버스2XS&P500선물 ETN(H)
475300,SOL 반도체전공정
071090,하이스틸
459560,KODEX 테슬라밸류체인FactSet
474390,SOL 국고채30년액티브
272550,삼양패키징
610040,메리츠 인버스 2X 미국채30년 ETN(H)
136480,하림
023410,유진기업
003000,부광약품
0102A0,TIGER 미국AI소프트웨어TOP4Plus
083790,CG인바이츠
014990,인디에프
325010,KODEX 성장주
244580,KODEX 바이오
610081,메리츠 레버리지 멕시코 페소화 ETN
0011A0,액스비스
0052T0,1Q 중단기회사채(A-이상)액티브
006650,대한유화
003475,유안타증권우
153710,옵티팜
224060,더코디
005850,에스엘
089140,넥스턴앤롤코리아
021880,메이슨캐피탈
520065,미래에셋 -2X 미국채울트라30년 선물 ETN
0068M0,KODEX 미국S&P500버퍼6월액티브
500036,신한 인버스 2X 미국달러 선물 ETN
550100,N2 인버스 2X 천연가스 선물 ETN
481850,신한글로벌액티브리츠
043590,웰킵스하이텍
101730,위메이드맥스
052790,액토즈소프트
0199C0,ACE 고배당주Plus커버드콜액티브
580056,KB 일본 로보틱스 TOP 10 ETN
070960,모나용평
004000,롯데정밀화학
102110,TIGER 200
011370,서한
122630,KODEX 레버리지
001067,JW중외제약2우B
014910,성문전자
307510,TIGER 의료기기
494300,KODEX 미국나스닥100데일리커버드콜OTM
460470,아이빔테크놀로지
070300,퀀텀레일
406820,뷰티스킨
024740,한일단조
002600,조흥
0106J0,대신 KOSPI200인덱스 X클래스
005180,빙그레
140430,카티스
150460,TIGER 중국소비테마
418250,시큐레터
000180,성창기업지주
310080,RISE 중국MSCI China(H)
000490,대동
352770,셀레스트라
396510,TIGER 차이나클린에너지SOLACTIVE
480310,TIGER 글로벌온디바이스AI
152500,ACE 레버리지
332290,누보
216050,인크로스
052330,코텍
038070,서린바이오
252000,TIGER 200동일가중
002680,한탑
170030,현대공업
004910,조광페인트
291810,핀텔
078130,국일제지
520091,미래에셋 인버스 천연가스 선물 ETN B
490090,TIGER 미국AI빅테크10
498610,RISE 인도디지털성장
483030,KIWOOM 미국블록버스터바이오테크의약품+
041910,폴라리스AI파마
465670,TIGER 미국캐시카우100
700036,하나 인버스 2X 반도체 ETN
0189B0,TIGER 은액티브
244670,KODEX 밸류Plus
0178H0,IBK 미국AI TOP10국채혼합50
000140,하이트진로홀딩스
0185L0,TIME 글로벌휴머노이드로봇산업액티브
067080,대화제약
456610,TIGER 미국달러SOFR금리액티브(합성)
570061,한투 레버리지은선물 ETN
010955,S-Oil우
0007F0,KODEX 27-12 회사채(AA-이상)액티브
307950,현대오토에버
040300,YTN
195940,HK이노엔
610102,메리츠 솔랙티브 금 선물 ETN(H)
438570,SOL 국고채10년
125020,티씨머티리얼즈
011390,부산산업
016800,퍼시스
069660,KIWOOM 200
006660,삼성공조
700034,하나 레버리지 K방산TOP10 ETN
447430,ACE 주주환원가치주액티브
082210,옵트론텍
0084E0,KIWOOM 미국대형주500월간목표헤지액티브
204840,지엘팜텍
246250,에스엘에스바이오
137610,TIGER 농산물선물Enhanced(H)
610029,메리츠 인버스 2X 구리 선물 ETN(H)
086060,진바이오텍
001360,삼성제약
045300,성우테크론
0181L0,SOL 미국우주항공TOP10
028050,삼성E&A
000910,유니온
237370,KODEX 코리아배당성장채권혼합
520087,미래에셋 레버리지 KRX 금현물 ETN
000390,SP삼화
432320,KB스타리츠
037370,EG
049960,쎌바이오텍
0154F0,WON 초대형IB&금융지주
0184L0,PLUS 중기종합채권(A-이상)액티브
065130,탑엔지니어링
399580,RISE 글로벌클린에너지
491090,KODEX 미국테크TOP3플러스
093920,서원인텍
0216K0,KIWOOM 미국우주테크TOP2채권혼합50
108860,셀바스AI
011500,한농화성
014915,성문전자우
011000,진원생명과학
036010,아비코전자
025550,한국선재
900140,엘브이엠씨홀딩스
109960,앱토크롬
466100,클로봇
488060,유진스팩11호
005610,삼립
064240,홈캐스트
005720,넥센
006840,AK홀딩스
114190,강원에너지
250000,보라티알
051900,LG생활건강
610085,메리츠 레버리지 미국채30년 스트립 ETN(H)
046970,우리로
000670,영풍
488290,MIDAS 일본테크액티브
009810,플레이그램
065650,하이퍼코퍼레이션
056090,시지메드텍
475960,토모큐브
005030,부산주공
312610,에이에프더블류
0057H0,PLUS 미국S&P500미국채혼합50액티브
014280,금강공업
520099,미래에셋 인버스 2X 반도체 ETN
023770,플레이위드
038950,파인디지털
128660,피제이메탈
125210,아모그린텍
489010,PLUS 글로벌AI인프라
265560,영화테크
067900,와이엔텍
208710,포톤
0138Y0,PLUS 금채권혼합
049720,고려신용정보
096870,엘디티
043910,자연과환경
0093B0,RISE 엔비디아고정테크100
282330,BGF리테일
233740,KODEX 코스닥150레버리지
053350,이니텍
131220,대한과학
453870,TIGER 인도니프티50
520079,미래에셋 레버리지 미국 제약 TOP3 ETN
003010,혜인
227540,TIGER 200 헬스케어
048530,인트론바이오
491700,HK 200
211900,KODEX 코리아배당성장
394800,쓰리빌리언
291680,RISE 차이나H선물인버스(H)
011690,와이투솔루션
268280,미원에스씨
072710,농심홀딩스
138230,KIWOOM 미국달러선물
473330,SOL 미국30년국채커버드콜(합성)
451600,PLUS 국고채30년액티브
010040,한국내화
483290,KODEX 미국배당다우존스타겟커버드콜
112040,위메이드
355150,코스텍시스
377480,마음AI
430690,한싹
267450,RISE 미국장기국채선물인버스(H)
520046,미래에셋 레버리지 옥수수 선물 ETN
060370,LS마린솔루션
139660,KIWOOM 미국달러선물인버스
348080,큐라티스
073540,에프알텍
208640,썸에이지
192390,윈하이텍
225570,넥슨게임즈
243070,휴온스
0022T0,SOL 국제금커버드콜액티브
071850,캐스텍코리아
0177R0,TIGER 반도체TOP10커버드콜액티브
0226G0,WON 피지컬AI TOP2플러스액티브
450520,인스웨이브
580072,KB 화웨이 밸류체인 ETN
030520,한컴
950140,잉글우드랩
465620,ACE 미국빅테크TOP7 Plus인버스(합성)
005945,NH투자증권우
322410,HANARO K고배당
024060,흥구석유
570124,한투 인버스은선물 ETN
058850,KTcs
114470,KIWOOM 국고채3년
373220,LG에너지솔루션
002380,KCC
041830,인바디
570120,한투 레버리지천연가스선물 ETN C
014470,부방
347890,엠엑스온
308100,형지글로벌
570047,한투 FTSE100 ETN
034830,한국토지신탁
0119H0,KODEX 28-12 회사채(AA-이상)액티브
520101,미래에셋 레버리지 SK하이닉스 단일종목ETN
077360,덕산하이메탈
200130,콜마비앤에이치
075580,세진중공업
001080,만호제강
26490K,크라운제과우
419080,엔젯
484130,하나34호스팩
0094M0,RISE 코리아밸류업위클리고정커버드콜
003240,태광산업
004105,태양금속우
292150,TIGER 코리아TOP10
37550K,DL이앤씨우
114810,한솔아이원스
494410,PLUS 미국S&P500성장주
491000,리브스메드
260970,에스앤디
004650,창해에탄올
138520,TIGER 삼성그룹
057030,YBM넷
388280,RISE K엔터&여행레저
111380,동인기연
476850,KoAct 배당성장액티브
076610,해성옵틱스
0013R0,RISE 테슬라미국채타겟커버드콜혼합(합성)
026940,부국철강
570069,한투 레버리지플래티넘선물 ETN
036670,삼양케이씨아이
059120,아진엑스텍
451060,1Q 200액티브
407300,HANARO Fn골프테마
122870,와이지엔터테인먼트
610093,메리츠 인버스 3X 일본 국채 10년 ETN
000815,삼성화재우
272210,한화시스템
044990,에이치엔에스하이텍
479850,HANARO K-뷰티
0008Z0,에스엔시스
298040,효성중공업
246960,SCL사이언스
317240,TS트릴리온
453850,ACE 미국30년국채액티브(H)
379780,RISE 미국S&P500
003520,영진약품
361670,삼영에스앤씨
530106,삼성 레버리지 코스닥150 선물 ETN
357230,에이치피오
409810,KODEX 미국나스닥100선물인버스(H)
100090,SK오션플랜트
004540,깨끗한나라
214420,토니모리
130580,나이스디앤비
261200,덴티스
022100,포스코DX
412350,레이저쎌
009680,모토닉
450190,KODEX 한중반도체(합성)
034950,한국기업평가
104200,NHN벅스
011040,경동제약
500102,신한 블룸버그 2X 천연가스 선물 ETN B
0092C0,SOL 27-12 회사채(AA-이상)액티브
610080,메리츠 멕시코 페소화 ETN
570064,한투 인버스베트남VN30선물 ETN(H)
475240,하나32호스팩
088800,에이스테크
001275,부국증권우
365040,TIGER AI코리아그로스액티브
005385,현대차우
069960,현대백화점
004020,현대제철
368190,HANARO Fn K-뉴딜디지털플러스
387690,레메디
495230,KoAct 코리아밸류업액티브
610003,메리츠 미국 인플레이션 국채 ETN(H)
294400,KIWOOM 200TR
032820,우리기술
407820,에셋플러스 코리아플랫폼액티브
083930,아바코
464500,아이언디바이스
340570,티앤엘
0096D0,미래에셋비전스팩9호
104530,KIWOOM 코리아고배당
065710,서호전기
078860,아이오케이이엔엠
356680,엑스게이트
388720,유일로보틱스
455180,케이지에이
0035T0,PLUS 글로벌휴머노이드로봇액티브
102460,이연제약
496120,ACE 코리아밸류업
610068,메리츠 KAP 일본 엔화 ETN
031860,디에이치엑스컴퍼니
053300,한국정보인증
026890,스틱인베스트먼트
245350,TIGER 유로스탁스배당30
013030,하이록코리아
003080,SB성보
570099,한투 인버스2X엔달러 선물 ETN(H)
03481K,해성산업1우
003300,한일홀딩스
120110,코오롱인더
161390,한국타이어앤테크놀로지
0007N0,아이엠에셋 200
028260,삼성물산
479520,RISE KOFR금리액티브(합성)
429740,PLUS K리츠
011320,유니크
298690,에어부산
119610,인터로조
215600,신라젠
530142,삼성 중국 AI 테크 TOP5 TR ETN(H)
452430,사피엔반도체
252500,세화피앤씨
005257,녹십자홀딩스2우
385710,TIME K이노베이션액티브
009780,엠에스씨
487340,ACE 머니마켓액티브
094970,제이엠티
253250,KIWOOM 200선물레버리지
146060,율촌
065170,비엘팜텍
049430,코메론
317120,라닉스
122690,서진오토모티브
083650,비에이치아이
060150,인선이엔티
376410,TIGER 탄소효율그린뉴딜
176950,KODEX 국채선물10년인버스
0189Z0,DAISHIN343 금융&지주고배당
580065,KB 코스닥 150 TR ETN
114260,KODEX 국고채3년
053060,세동
099410,동방선기
004150,한솔홀딩스
011780,금호석유화학
239660,PLUS 우량회사채50
136150,원일티엔아이
460940,피앤에스로보틱스
175250,아이큐어
499660,TIGER CD금리플러스액티브(합성)
281990,RISE 중소형고배당
0132G0,교보20호스팩
228760,지노믹트리
200780,비씨월드제약
290550,디케이티
219550,디와이디
213610,KODEX 삼성그룹밸류
085310,엔케이
036640,HRS
429760,PLUS 미국S&P500
473460,KODEX 미국서학개미
049830,승일
204320,HL만도
440640,ACE 단기채권알파액티브
109670,씨싸이트
216080,제테마
0172V0,1Q 은액티브
015890,태경산업
530096,삼성 인버스 구리 선물 ETN(H)
610001,메리츠 인플레이션 국채 ETN
005440,현대지에프홀딩스
008970,KBI동양철관
0120J0,BNK 카카오그룹포커스
241180,TIGER 일본니케이225
437350,RISE 미국단기투자등급회사채액티브
448280,에코아이
452450,피아이이
053580,웹케시
047770,코데즈컴바인
495040,PLUS 코리아밸류업
052300,오션인더블유
396470,워트
012690,모나리자
520090,미래에셋 천연가스 선물 ETN B
051630,진양화학
0123G0,TIGER 미국AI전력SMR
280930,KODEX 미국러셀2000(H)
035290,골드앤에스
067280,멀티캠퍼스
351320,넥사다이내믹스
154040,다산솔루에타
498180,파워 종합채권(AA-이상)액티브
0105P0,유진스팩12호
000325,노루홀딩스우
025320,시노펙스
014790,HL D&I
371870,ACE 차이나항셍테크
0015N0,아로마티카
424760,벨로크
0132K0,PLUS 테슬라위클리커버드콜채권혼합
0047P0,RISE 테슬라고정테크100
030610,교보증권
495750,HANARO 코리아밸류업
005500,삼진제약
038390,레드캡투어
214390,경보제약
089010,켐트로닉스
007770,한일화학
449680,TIGER 한중전기차(합성)
404650,SOL KRX기후변화솔루션
326230,RISE 내수주플러스
023150,MH에탄올
015590,DKME
054210,이랜텍
122350,삼기
462980,아이지넷
033640,네패스
054180,메디콕스
610045,메리츠 국채3년 ETN
091440,한울소재과학
200710,에이디테크놀로지
195870,해성디에스
225220,제놀루션
0082F0,HANARO 유럽방산
003540,대신증권
138920,KODEX 콩선물(H)
039030,이오테크닉스
0115H0,삼성스팩13호
319660,피에스케이
034590,인천도시가스
530131,삼성 인버스0.5X S&P500 VIX S/T선물 ETN B
003800,에이스침대
315960,RISE 대형고배당10TR
093190,빅솔론
157490,TIGER 소프트웨어
275300,KODEX 우량주
017670,SK텔레콤
119850,지엔씨에너지
184230,SGA솔루션즈
120030,조선선재
610030,메리츠 S&P 유럽탄소배출권 선물 ETN(H)
134060,이퓨쳐
234340,헥토파이낸셜
497510,ACE 글로벌빅파마
950250,테라뷰
078340,컴투스
463050,TIME K바이오액티브
139280,TIGER 경기방어
004590,한국가구
580062,KB 레버리지 미국채 30년 ETN
288330,파라택시스코리아
013520,화승코퍼레이션
479730,TIGER 인도빌리언컨슈머
270520,앱튼
203780,TIGER 미국나스닥바이오
489460,바이오비쥬
263700,케어랩스
396500,TIGER 반도체TOP10
760017,키움 조선TOP10 ETN
101930,인화정공
181710,NHN
275280,KODEX 모멘텀주
391710,코닉오토메이션
049630,재영솔루텍
207940,삼성바이오로직스
030210,다올투자증권
001440,대한전선
200880,서연이화
210780,TIGER 코스피고배당
005380,현대차
449690,TIGER 한중반도체(합성)
007810,코리아써키트
006740,블루산업개발
041650,상신브레이크
371460,TIGER 차이나전기차SOLACTIVE
530119,삼성 레버리지 항셍테크 TR ETN(H) B
006920,모헨즈
0098N0,PLUS 자사주매입고배당주
099220,SDN
064400,LG씨엔에스
496770,PLUS 글로벌방산
004490,세방전지
610038,메리츠 레버리지 미국채30년 ETN(H)
479620,SOL 미국AI반도체칩메이커
009770,삼정펄프
079650,서산
411860,KIWOOM 독일DAX
140520,대창스틸
006280,녹십자
051780,큐로홀딩스
047810,한국항공우주
102120,어보브반도체
000540,흥국화재
011700,한신기계
100590,머큐리
179290,엠아이텍
234690,녹십자웰빙
060570,드림어스컴퍼니
0162L0,KODEX 차이나AI반도체TOP10
455660,ACE 미국하이일드액티브(H)
417010,나노팀
530116,삼성 인버스 2X 나스닥 100 TR ETN
316140,우리금융지주
001465,BYC우
28513K,SK케미칼우
448300,TIGER 미국나스닥100(H)
455900,엔젤로보틱스
018500,동원모빌리티
364990,TIGER 게임TOP10
002690,동일제강
0183V0,KIWOOM 삼성전자&SK하이닉스채권혼합50
319640,TIGER 골드선물(H)
520084,미래에셋 -2X 미국 자율주행대표기업 ETN
339950,아이비김영
004690,삼천리
256440,ACE MSCI인도네시아(합성)
489250,KODEX 미국배당다우존스
011790,SKC
045100,한양이엔지
002290,삼일기업공사
023790,동일스틸럭스
262840,아이퀘스트
700023,하나 Solactive 2X US Tech Top 10 ETN(H)
159800,마이티 코스피100
476690,TIGER 글로벌비만치료제TOP2Plus
183710,RISE 주식혼합
002240,고려제강
464600,SOL 자동차소부장Fn
001560,제일연마
271060,KODEX 3대농산물선물(H)
099430,바이오플러스
266390,KODEX 경기소비재
0066W0,SOL 국제금
092870,엑시콘
472150,TIGER 배당커버드콜액티브
205500,넥써쓰
317830,에스피시스템스
394280,오픈엣지테크놀로지
217330,싸이토젠
030960,양지사
411420,KODEX 미국나스닥AI테크액티브
475630,TIGER CD1년금리액티브(합성)
123420,위메이드플레이
0096B0,삼성스팩12호
399110,SOL 미국S&P500ESG
009320,아진전자부품
334690,RISE 팔라듐선물(H)
442560,RISE TDF2040액티브 적격
321820,아티스트컴퍼니
463290,1Q 단기금융채액티브
530138,삼성 KRX 레버리지 2차전지 TOP10 TR ETN
375500,DL이앤씨
053290,NE능률
175330,JB금융지주
092300,현우산업
007110,일신석재
099390,브레인즈컴퍼니
347740,피엔케이피부임상연구센타
417790,트루엔
457930,BNK 미래전략기술액티브
481050,KODEX CD1년금리플러스액티브(합성)
0126Z0,삼성에피스홀딩스
530124,삼성 레버리지 일본니케이225선물 ETN(H)
090370,메타랩스
108670,LX하우시스
044490,태웅
0210A0,ACE K반도체TOP2+
032940,원익
520085,미래에셋 -2X 미국 AI TOP3 ETN
001780,알루코
293780,압타바이오
004985,성신양회우
261780,아리바이오랩
496020,WON 전단채플러스액티브
210540,디와이파워
111770,영원무역
097950,CJ제일제당
013580,계룡건설
003350,한국화장품제조
304770,HANARO 코스닥150
016880,웅진
237880,클리오
041460,한국전자인증
453950,TIGER TSMC파운드리밸류체인
465320,교보15호스팩
251350,KODEX MSCI선진국
000400,롯데손해보험
760026,키움 레버리지 전력 TOP5 ETN
000150,두산
348350,위드텍
024950,삼천리자전거
45226K,한화갤러리아우
001550,조비
003490,대한항공
466410,사이냅소프트
109610,에스와이
044960,이글벳
263920,휴엠앤씨
402490,그린리소스
0164G0,RISE 차이나AI반도체TOP4Plus
003780,진양산업
411540,SOL 200 Top10
030720,동원수산
0130H0,엔에이치스팩33호
051910,LG화학
298050,HS효성첨단소재
096775,SK이노베이션우
530132,삼성 블룸버그 WTI원유 선물 ETN B
093380,풍강
494420,PLUS 미국배당증가성장주데일리커버드콜
083470,이엠앤아이
490600,RISE 미국배당100데일리고정커버드콜
068100,케이웨더
284980,RISE 200금융
290650,엘앤씨바이오
461450,KODEX 코스닥글로벌
00781K,코리아써키트2우B
245340,TIGER 미국다우존스30
049520,유아이엘
0094L0,RISE 차이나테크TOP10위클리타겟커버드콜
610090,메리츠 일본 국채 10년 ETN
0222F0,마이티 AI데이터센터밸류체인
000155,두산우
064520,테크엘
043650,국순당
444200,SOL 코리아메가테크액티브
066570,LG전자
476260,HANARO 반도체핵심공정주도주
294090,이오플로우
006405,삼성SDI우
089890,코세스
460270,KIWOOM 미국달러SOFR금리액티브(합성)
371950,풍원정밀
008730,율촌화학
326240,RISE IT플러스
144960,뉴파워프라즈마
225190,LK삼양
472160,TIGER 미국테크TOP10 INDXX(H)
198940,한주라이트메탈
176750,듀켐바이오
104830,원익머트리얼즈
017550,수산세보틱스
323990,박셀바이오
082920,비츠로셀
225050,TIGER 유로스탁스레버리지(합성 H)
101670,하이드로리튬
477340,에이치엠씨제7호스팩
580086,KB 솔랙티브 레버리지 천연가스 선물 ETN
026910,광진실업
461030,아이엠비디엑스
002960,한국쉘석유
317850,대모
244620,KODEX 모멘텀Plus
464470,PLUS 미국채30년액티브
001210,금호전기
001120,LX인터내셔널
005305,롯데칠성우
445910,TIGER MKF배당귀족
000240,한국앤컴퍼니
006220,제주은행
461580,TIGER 코스닥글로벌
039560,다산네트웍스
060720,KH바텍
03473K,SK우
0207Z0,KIWOOM 미국우주데이터센터인프라
104520,KIWOOM 블루칩
395150,KODEX 웹툰&드라마
097230,HJ중공업
448330,KODEX 삼성전자채권혼합
053690,한미글로벌
183700,RISE 200채권혼합50
462010,TIGER 2차전지소재Fn
530115,삼성 레버리지 나스닥 100 TR ETN
006140,피제이전자
225030,TIGER 미국S&P500선물인버스(H)
091590,남화토건
001340,PKC
009420,한올바이오파마
233160,TIGER 코스닥150 레버리지
011280,태림포장
103590,일진전기
500071,신한 레버리지 코스닥 150 선물 ETN
0130D0,신한제17호스팩
439960,코스모로보틱스
217590,티엠씨
0135Y0,IBK 중기종합채권(AA-이상)액티브
015760,한국전력
338220,뷰노
014970,삼륭물산
550085,N2 코스닥 150 TR ETN
008490,서흥
000227,유유제약2우B
314250,KODEX 미국빅테크10(H)
387270,TIGER 글로벌이노베이션액티브
050760,에스폴리텍
054090,삼진엘앤디
005420,코스모화학
138040,메리츠금융지주
114820,TIGER 국채3년
530134,삼성 블룸버그 인버스2X WTI원유선물 ETN B
0220A0,KIWOOM 현대차그룹TOP3채권혼합50
475430,키스트론
000220,유유제약
056700,신화인터텍
069140,누리플랜
071050,한국금융지주
284740,쿠쿠홈시스
010660,화천기계
294870,IPARK현대산업개발
039830,오로라
318010,팜스빌
468530,프로티나
051905,LG생활건강우
236200,슈프리마
241710,코스메카코리아
122260,KIWOOM 통안채1년
0192Z0,TIGER 중기종합채권(A-이상)액티브
347770,핌스
002170,SYTS
038290,마크로젠
474930,신한제13호스팩
289010,아이스크림에듀
156080,KODEX MSCI Korea
084850,아이티엠반도체
432840,HANARO 미국S&P500
033780,KT&G
760018,키움 미국달러선물 ETN B
072020,중앙백신
461900,PLUS 미국테크TOP10
580066,KB 인도 대형 성장주 Select 5 ETN
334890,이지스밸류플러스리츠
100220,비상교육
291890,KODEX MSCI EM선물(H)
0184V0,UNICORN K바이오액티브
520100,미래에셋 레버리지 삼성전자 단일종목 ETN
060590,씨티씨바이오
0015F0,KIWOOM 팔란티어미국30년국채혼합액티브(H)
158430,아톤
068330,일신바이오
036480,대성미생물
425420,티에프이
010240,흥국
00088K,한화3우B
140410,메지온
000660,SK하이닉스
018620,우진비앤지
161000,애경케미칼
0088N0,WON K-글로벌수급상위
461340,HANARO 글로벌생성형AI액티브
329200,TIGER 리츠부동산인프라
530107,삼성 인버스 2X 코스닥150 선물 ETN
463640,KODEX 미국S&P500유틸리티
098070,한텍
009440,KC그린홀딩스
106190,하이텍팜
298540,더네이쳐홀딩스
388790,라이콤
0067V0,TIGER 차이나글로벌리더스TOP3+
550093,N2 전력인프라 Top5 ETN
0093G0,미래에셋비전스팩8호
0005C0,RISE 미국S&P500엔화노출(합성 H)
340450,지씨지놈
486830,HANARO 머니마켓액티브
042940,상지건설
036220,오상헬스케어
058450,한주에이알티
052770,아이톡시
322310,오로스테크놀로지
004960,한신공영
0204D0,KODEX 현대차로보틱스밸류체인TOP3플러스
460960,ACE 글로벌인컴TOP10
290080,RISE 200고배당커버드콜ATM
510045,대신 인버스 2X 미국달러 선물 ETN
275980,TIGER 글로벌4차산업혁신기술(합성 H)
035810,이지홀딩스
122990,와이솔
005750,대림바스
018470,조일알미늄
580064,KB 인버스 2X 미국채 10년 선물 ETN
147760,피엠티
0009K0,에임드바이오
0064K0,KODEX 금액티브
0186L0,KoAct 미국로봇피지컬AI액티브
037440,희림
247660,나노씨엠에스
900070,글로벌에스엠
034730,SK
0038A0,KODEX 미국휴머노이드로봇
442320,RISE 글로벌원자력
078600,대주전자재료
036630,세종텔레콤
091340,S&K폴리텍
078020,LS증권
570109,한투 레버리지미국채30년 ETN
484790,KODEX 미국30년국채액티브(H)
104460,디와이피엔에프
064850,에프앤가이드
453080,KIWOOM 미국나스닥100(H)
003030,세아제강지주
080420,모다이노칩
032680,소프트센
160580,TIGER 구리실물
0040Y0,SOL 팔란티어커버드콜OTM채권혼합
010820,퍼스텍
031510,오스템
055490,테이팩스
381170,TIGER 미국테크TOP10 INDXX
035510,신세계 I&C
000500,가온전선
032640,LG유플러스
497780,KoAct 미국천연가스인프라액티브
032685,소프트센우
0182R0,1Q K반도체TOP2+
0194T0,ACE SK하이닉스단일종목레버리지
0007G0,PLUS 글로벌원자력밸류체인
010140,삼성중공업
0008T0,SOL 화장품TOP3플러스
040910,아이씨디
432600,RISE 국채선물3년
0220B0,DS 코스닥액티브
145990,삼양사
317400,자이에스앤디
305090,마이크로디지탈
066980,한성크린텍
182490,TIGER 단기선진하이일드(합성 H)
034810,해성산업
0104H0,KoAct 미국나스닥채권혼합50액티브
051980,중앙첨단소재
0111J0,HANARO 증권고배당TOP3플러스
020400,대동금속
033130,디지틀조선
051370,인터플렉스
950200,소마젠
016380,KG스틸
085810,알티캐스트
260660,알리코제약
003160,디아이
464580,닷밀
482030,KoAct 반도체&2차전지핵심소재액티브
192250,케이사인
456160,지투지바이오
143160,아이디스
040350,크레오에스지
300080,플리토
133750,메가엠디
109740,디에스케이
332570,PS일렉트로닉스
171090,선익시스템
014570,고려제약
0068Y0,비엔케이제3호스팩
373490,KODEX 코리아혁신성장액티브
174360,RISE 중국본토대형주CSI100
302190,TIGER 중장기국채
449770,KIWOOM 미국S&P500
520088,미래에셋 S&P500 VIX S/T 선물 ETN(H)
476800,KODEX 한국부동산리츠인프라
610094,메리츠 천연가스 선물 ETN(H)
347000,센코
0174J0,DAISHIN343 오피스리츠플러스
159580,제로투세븐
088260,이리츠코크렙
278280,천보
012610,경인양행
131090,시큐브
204450,KODEX 차이나H레버리지(H)
010170,대한광통신
475560,더본코리아
000250,삼천당제약
435550,KIWOOM TDF2050액티브 적격
443670,에스피소프트
139130,iM금융지주
500023,신한 콩 선물 ETN(H)
226400,오스테오닉
139990,아주스틸
104540,코렌텍
306530,HANARO 코스닥150선물레버리지
570119,한투 인버스2X은선물 ETN
0010F0,보원케미칼
052020,에스티큐브
452300,캡스톤파트너스
452360,SOL 미국배당다우존스(H)
329650,KODEX TRF3070
580082,KB 레버리지 반도체 TOP10 TR ETN
124500,아이티센글로벌
126560,현대퓨처넷
0156T0,에이치엘지노믹스
215000,골프존
495550,SOL 코리아밸류업TR
520094,미래에셋 CD금리 플러스 ETN
003470,유안타증권
388420,RISE 비메모리반도체액티브
391600,ACE 미국친환경그린테마
458730,TIGER 미국배당다우존스
0113P0,HK 머니마켓액티브
292560,TIGER 일본엔선물
234920,자이글
036710,심텍홀딩스
036800,나이스정보통신
010580,에스엠벡셀
094800,맵스리얼티
263690,디알젬
102260,동성케미컬
610082,메리츠 인도 루피화 ETN
195990,루트K
458210,KIWOOM CD금리액티브(합성)
0000H0,KODEX 인도Nifty미드캡100
002870,신풍
000440,중앙에너비스
183490,엔지켐생명과학
222110,팬젠
0162Y0,TIME 코스닥액티브
0007C0,아크릴
474800,KIWOOM 미국원유에너지기업
117670,알파칩스
0015E0,KIWOOM 엔비디아미국30년국채혼합액티브(H)
025000,KPX케미칼
014820,동원시스템즈
361580,RISE 200TR
266370,KODEX IT
455960,RISE 미국달러SOFR금리액티브(합성)
143540,영우디에스피
131180,딜리
550069,N2 레버리지 구리 선물 ETN(H)
023350,한국종합기술
065660,안트로젠
048410,현대바이오
304100,솔트룩스
277650,TIGER 코스피중형주
0131A0,SOL 차이나소비트렌드
448710,코츠테크놀로지
334970,프레스티지바이오로직스
001000,신라섬유
011230,삼화전자
0190C0,RISE 현대차고정피지컬AI
078160,메디포스트
0044K0,삼성스팩10호
462860,더즌
431190,케이쓰리아이
265690,ACE 러시아MSCI(합성)
196700,웹스
498860,RISE 코리아금융고배당
170900,동아에스티
031330,에스에이엠티
530061,삼성 레버리지 은 선물 ETN(H)
018700,졸스
120240,대정화금
259960,크래프톤
035000,HS애드
309960,LB인베스트먼트
008470,부스타
475050,ACE KPOP포커스
760009,키움 CD금리투자 ETN
0097F0,미래에셋비전스팩10호
0040X0,SOL 팔란티어미국채커버드콜혼합
0192T0,SOL 코스닥TOP10
097800,윈팩
054050,NH농우바이오
397420,RISE 국채선물5년추종
0026S0,1Q 미국S&P500
489500,엘케이켐
012160,영흥
001390,KG케미칼
0028X0,KODEX 미국금융테크액티브
0054V0,엔에이치스팩32호
047920,HLB제약
395760,PLUS ESG성장주액티브
085670,뉴프렉스
448490,HANARO 32-10 국고채액티브
0005A0,KODEX 미국S&P500데일리커버드콜OTM
001510,SK증권
580010,KB Wise 분할매매 ETN
475150,SK이터닉스
0174B0,KoAct 글로벌AI메모리반도체액티브
050860,아세아텍
377460,큐에이드
377190,디앤디플랫폼리츠
086280,현대글로비스
126600,BGF에코머티리얼즈
500098,신한 인버스 2X Russell 2000 ETN B
402340,SK스퀘어
498050,HANARO 바이오코리아액티브
017800,현대엘리베이터
520083,미래에셋 2X 미국 자율주행대표기업 ETN
049950,미래컴퍼니
222980,한국맥널티
438100,ACE 미국나스닥100미국채혼합50액티브
530123,삼성 일본니케이225선물 ETN(H)
530118,삼성 코스닥 150 TR ETN
060230,제이케이시냅스
143240,사람인
145170,노브랜드
139220,TIGER 200 건설
058730,다스코
365330,에스와이스틸텍
457550,우진엔텍
042500,링네트
500097,신한 레버리지 Russell 2000 ETN B
580077,KB 인버스 2X 미국 나스닥 100 TR ETN B
332370,아이디피
409820,KODEX 미국나스닥100레버리지(합성 H)
019680,대교
570117,한투 인버스2XWTI원유선물 ETN B
053030,바이넥스
394420,리센스메디컬
037560,LG헬로비전
256150,한독크린텍
240600,유진테크놀로지
066620,국보디자인
475720,RISE 200위클리커버드콜
610037,메리츠 미국채30년 ETN(H)
292500,SOL KRX300
261270,KODEX 미국달러선물인버스
153130,KODEX 단기채권
250730,RISE 차이나HSCEI(H)
461600,SOL 미국30년국채액티브(H)
580069,KB S&P 인버스 2X WTI원유 선물 ETN B
009900,명신산업
075970,동국알앤에스
433220,에셋플러스 글로벌대장장이액티브
060540,에스에이티
487240,KODEX AI전력핵심설비
228820,TIGER KTOP30
570105,한투 인버스일본니케이225선물 ETN(H)
287180,PLUS 미국나스닥테크
610104,메리츠 솔랙티브 인버스 2X 금 선물 ETN(H)
032580,피델릭스
114840,아이패밀리에스씨
239340,이스트에이드
294630,서남
385540,RISE 종합채권(A-이상)액티브
383930,디티앤씨알오
008600,윌비스
280320,ACE 미국IT인터넷(합성 H)
049550,잉크테크
044380,주연테크
0015K0,TIGER 미국소비트렌드액티브
0023A0,SOL 미국양자컴퓨팅TOP10
580078,KB 은 선물 ETN
0113G0,KoAct 미국바이오헬스케어액티브
229720,KODEX KTOP30
385550,RISE 단기채권알파액티브
299660,셀리드
388210,씨엠티엑스
000520,삼일제약
0223R0,TIGER 미국테크NYSE100액티브
610097,메리츠 미국채30년스트립 커버드콜 ETN(H)
453330,RISE 미국S&P500(H)
480030,ACE 미국500데일리타겟커버드콜(합성)
155660,DSR
494220,UNICORN SK하이닉스밸류체인액티브
004360,세방
322180,LS티라유텍
023590,다우기술
037460,삼지전자
485690,RISE 미국AI밸류체인TOP3Plus
036460,한국가스공사
0115E0,KODEX 코리아소버린AI
090710,휴림로봇
241770,메카로
491510,파워 K-주주가치액티브
100790,미래에셋벤처투자
0127R0,RISE 미국AI클라우드인프라
018250,애경산업
139290,TIGER 200 경기소비재
252710,TIGER 200선물인버스2X
500099,신한 WTI원유 선물 ETN
281820,케이씨텍
900100,파이온엑스
465660,TIGER 일본반도체FACTSET
041930,SY동아
080470,성창오토텍
206640,바디텍메드
520097,미래에셋 1.5X S&P500 VIX S/T선물 ETN
550064,N2 레버리지 은 선물 ETN(H)
064800,포니링크
440320,오픈놀
0043Y0,TIME 차이나AI테크액티브
052420,오성첨단소재
478340,나라스페이스테크놀로지
580048,KB 차이나 대형주 CSI 300 ETN
080010,이상네트웍스
382900,범한퓨얼셀
094940,푸른로보틱스
469170,ACE 포스코그룹포커스
095340,ISC
195970,PLUS 선진국MSCI(합성 H)
005800,신영와코루
271980,제일약품
430500,KIWOOM 물가채KIS
500096,신한 인버스2X 천연가스 선물 ETN B
035890,서희건설
007390,네이처셀
192410,오늘이엔엠
347850,디앤디파마텍
010280,아이티센엔텍
700028,하나 레버리지 반도체 ETN
610034,메리츠 대표 농산물 선물 ETN(H)
0191B0,MIDAS 코스닥액티브
410870,TIME K컬처액티브
027360,아주IB투자
360150,KODEX 코스닥150롱코스피200숏선물
251600,PLUS 고배당주채권혼합
256750,KODEX 차이나심천ChiNext(합성)
061250,화일약품
379800,KODEX 미국S&P500
211050,인카금융서비스
009180,한솔로지스틱스
0208N0,IBK 코스피액티브
236350,TIGER 인도니프티50레버리지(합성)
318060,그래피
451540,TIGER 종합채권(AA-이상)액티브
009160,SIMPAC
433970,KODEX TDF2030액티브 적격
0193G0,KoAct 코스피액티브
760011,키움 레버리지 2차전지산업 ETN
500040,신한 레버리지 구리 선물 ETN
389260,대명에너지
0091W0,신영스팩11호
